,Player,Team,FGID,SAVID,Age,PA,AB,BIP,K,K%,BB,BB%,SF,HBP,BABIP,Brl%,Solid%,Flare%,Topped%,Under%,Weak%,H,1B,2B,3B,HR,TB,AVG,OBP,SLG,OPS,R,RBI,SB Att,SB,CS,Pos,$,Deep $,G
0,Shohei Ohtani,LAD,19755,660271.0,30,680.0,578.0,424.0,156.0,0.2299,95.0,0.13927406015037594,3.0,4.0,0.385,0.188,0.078,0.218,0.276,0.213,0.027,163.0,78.0,35.0,5.0,45.0,367.0,0.283,0.386,0.595,0.981,127.0,97.0,32.9,28.2,5.0,"UT, P",20.28,13.79,151.0
0,Aaron Judge,NYY,15640,592450.0,32,648.0,516.0,351.0,168.0,0.25962,124.0,0.19108201376936315,3.0,5.0,0.411,0.24,0.083,0.212,0.216,0.229,0.02,144.0,67.0,29.0,1.0,47.0,324.0,0.279,0.421,0.613,1.034,112.0,106.0,9.8,8.6,1.0,OF,18.13,11.95,144.0
0,Bobby Witt Jr.,KC,25764,677951.0,24,670.0,609.0,501.0,110.0,0.164692,54.0,0.07982425924040322,3.0,5.0,0.371,0.137,0.061,0.246,0.28,0.246,0.029,186.0,105.0,36.0,10.0,35.0,362.0,0.305,0.365,0.568,0.933,112.0,102.0,31.1,23.8,7.0,SS,17.64,12.37,149.0
0,Elly De La Cruz,CIN,26668,682829.0,23,652.0,579.0,382.0,199.0,0.30588,66.0,0.10181784124157231,2.0,4.0,0.381,0.122,0.059,0.243,0.353,0.185,0.037,145.0,80.0,32.0,4.0,29.0,307.0,0.251,0.331,0.47,0.801,95.0,92.0,59.2,47.1,12.0,SS,16.84,12.31,145.0
0,Juan Soto,NYM,20123,665742.0,26,674.0,543.0,425.0,120.0,0.1783,126.0,0.18680279380717804,3.0,3.0,0.368,0.16,0.066,0.232,0.311,0.192,0.04,157.0,85.0,30.0,2.0,39.0,314.0,0.289,0.423,0.569,0.993,113.0,97.0,11.8,8.5,3.0,OF,16.25,10.88,150.0
0,Fernando Tatis Jr.,SD,19709,665487.0,26,644.0,584.0,444.0,142.0,0.22089999999999999,52.0,0.08137142857142858,2.0,5.0,0.359,0.122,0.07,0.248,0.318,0.206,0.036,160.0,95.0,32.0,2.0,32.0,302.0,0.273,0.337,0.496,0.832,101.0,95.0,17.3,14.7,3.0,OF,14.86,10.21,143.0
0,Gunnar Henderson,BAL,26289,683002.0,23,669.0,593.0,442.0,154.0,0.22958800000000001,70.0,0.10409713966123363,2.0,4.0,0.367,0.118,0.079,0.245,0.335,0.188,0.036,162.0,93.0,30.0,4.0,35.0,317.0,0.273,0.352,0.514,0.866,112.0,87.0,19.7,16.0,4.0,SS,14.81,10.53,149.0
0,Jose Ramirez,CLE,13510,608070.0,32,664.0,587.0,504.0,85.0,0.12746,71.0,0.10693675476017064,2.0,4.0,0.315,0.08,0.074,0.226,0.269,0.32,0.031,159.0,94.0,35.0,3.0,26.0,305.0,0.271,0.352,0.475,0.826,103.0,91.0,43.0,34.6,8.0,3B,14.52,11.17,148.0
0,Francisco Lindor,NYM,12916,596019.0,31,675.0,604.0,475.0,131.0,0.19360000000000002,59.0,0.08805220099667774,2.0,10.0,0.342,0.118,0.062,0.251,0.248,0.287,0.034,163.0,97.0,32.0,2.0,32.0,313.0,0.269,0.343,0.488,0.832,106.0,82.0,25.9,22.3,4.0,SS,14.29,10.38,150.0
0,Corbin Carroll,ARI,25878,682998.0,24,660.0,579.0,454.0,127.0,0.192108,68.0,0.10267719122863594,2.0,11.0,0.326,0.082,0.07,0.214,0.352,0.237,0.045,148.0,87.0,30.0,7.0,24.0,290.0,0.255,0.343,0.454,0.797,104.0,75.0,36.7,31.7,5.0,OF,14.21,10.21,147.0
0,Kyle Tucker,CHC,18345,663656.0,28,648.0,552.0,454.0,100.0,0.155,92.0,0.14182021576646453,2.0,2.0,0.343,0.111,0.075,0.246,0.248,0.288,0.033,156.0,89.0,33.0,3.0,30.0,298.0,0.282,0.385,0.517,0.902,101.0,89.0,16.3,14.2,2.0,OF,14.07,9.77,144.0
0,Julio Rodriguez,SEA,23697,677594.0,24,650.0,592.0,436.0,159.0,0.24427600000000002,47.0,0.07308629238884704,2.0,8.0,0.364,0.113,0.064,0.243,0.348,0.198,0.033,158.0,97.0,30.0,2.0,29.0,295.0,0.268,0.329,0.475,0.804,99.0,87.0,22.5,17.9,5.0,OF,13.91,9.74,144.0
0,Jackson Merrill,SD,29490,701538.0,21,634.0,596.0,489.0,109.0,0.172664,34.0,0.05362904119489279,2.0,1.0,0.352,0.118,0.074,0.256,0.276,0.242,0.034,172.0,101.0,38.0,3.0,30.0,318.0,0.289,0.327,0.514,0.841,86.0,94.0,18.2,14.9,3.0,OF,13.72,9.64,141.0
0,Jackson Chourio,MIL,28806,694192.0,21,640.0,590.0,458.0,134.0,0.20929199999999998,45.0,0.07045703066566941,2.0,3.0,0.345,0.086,0.065,0.245,0.362,0.188,0.053,158.0,100.0,30.0,3.0,25.0,286.0,0.268,0.322,0.455,0.776,100.0,78.0,30.3,24.2,6.0,OF,13.47,9.65,142.0
0,Yordan Alvarez,HOU,19556,670541.0,27,599.0,513.0,414.0,101.0,0.1693,74.0,0.12305001515725654,2.0,10.0,0.356,0.142,0.072,0.237,0.223,0.291,0.035,147.0,81.0,32.0,3.0,32.0,286.0,0.287,0.385,0.545,0.93,91.0,98.0,7.3,7.0,0.0,OF,13.47,9.27,133.0
0,Vladimir Guerrero Jr.,TOR,19611,665489.0,26,668.0,587.0,490.0,100.0,0.1498,72.0,0.10787868745467731,2.0,6.0,0.35,0.121,0.062,0.238,0.339,0.205,0.035,171.0,103.0,35.0,1.0,32.0,306.0,0.292,0.373,0.519,0.892,102.0,97.0,5.9,3.5,2.0,1B,13.37,9.15,148.0
0,Ronald Acuna Jr.,ATL,18401,660670.0,27,575.0,502.0,413.0,91.0,0.1591,61.0,0.10622966860725482,2.0,9.0,0.36,0.125,0.077,0.24,0.347,0.179,0.033,149.0,94.0,29.0,2.0,24.0,272.0,0.296,0.381,0.507,0.888,98.0,78.0,26.3,21.7,5.0,OF,13.3,9.57,128.0
0,Mookie Betts,LAD,13611,605141.0,32,660.0,570.0,477.0,95.0,0.143856,81.0,0.1223231655441333,2.0,7.0,0.336,0.083,0.095,0.263,0.218,0.32,0.022,160.0,95.0,36.0,3.0,26.0,293.0,0.281,0.376,0.493,0.869,105.0,89.0,19.0,15.4,4.0,"SS, OF",12.98,9.45,147.0
0,Teoscar Hernandez,LAD,13066,606192.0,32,625.0,569.0,386.0,185.0,0.295624,47.0,0.07575526315789473,2.0,7.0,0.366,0.135,0.069,0.225,0.316,0.22,0.035,141.0,79.0,30.0,2.0,30.0,272.0,0.248,0.313,0.468,0.781,87.0,101.0,10.6,8.3,2.0,OF,12.62,8.69,139.0
0,Lawrence Butler,OAK,22542,671732.0,24,612.0,565.0,420.0,148.0,0.24133599999999997,44.0,0.07115428571428573,2.0,1.0,0.344,0.112,0.059,0.261,0.322,0.223,0.023,144.0,83.0,32.0,3.0,27.0,278.0,0.255,0.309,0.462,0.771,97.0,75.0,22.7,19.7,3.0,OF,12.59,9.04,136.0
0,Jarren Duran,BOS,24617,680776.0,28,656.0,600.0,454.0,148.0,0.226,49.0,0.07430307982810262,2.0,5.0,0.359,0.085,0.068,0.254,0.344,0.215,0.034,163.0,96.0,40.0,7.0,19.0,296.0,0.271,0.331,0.458,0.789,104.0,73.0,29.6,25.1,5.0,OF,12.59,9.16,146.0
0,Marcell Ozuna,ATL,10324,542303.0,34,630.0,561.0,408.0,155.0,0.24666399999999997,64.0,0.1021220982142857,2.0,3.0,0.372,0.145,0.09,0.245,0.272,0.212,0.036,152.0,88.0,31.0,1.0,32.0,283.0,0.271,0.348,0.5,0.847,90.0,104.0,3.3,3.0,0.0,UT,12.56,8.78,140.0
0,Brent Rooker,OAK,19627,667670.0,30,618.0,546.0,366.0,183.0,0.2954,59.0,0.09593947368421053,2.0,10.0,0.371,0.15,0.076,0.224,0.243,0.271,0.036,136.0,73.0,27.0,2.0,34.0,276.0,0.248,0.332,0.492,0.824,93.0,90.0,11.5,9.3,2.0,UT,12.47,8.86,137.0
0,Ketel Marte,ARI,13613,606466.0,31,628.0,551.0,439.0,113.0,0.18019999999999997,70.0,0.11098159541188737,2.0,6.0,0.345,0.103,0.067,0.241,0.35,0.214,0.025,152.0,89.0,32.0,4.0,26.0,276.0,0.275,0.361,0.492,0.854,96.0,83.0,8.4,6.7,2.0,2B,12.47,8.18,140.0
0,Michael Harris II,ATL,25931,671739.0,24,595.0,553.0,440.0,116.0,0.194548,33.0,0.05546233470196801,2.0,6.0,0.361,0.107,0.071,0.239,0.349,0.182,0.052,159.0,98.0,31.0,2.0,27.0,285.0,0.287,0.333,0.498,0.831,84.0,89.0,16.6,13.0,4.0,OF,12.37,8.82,132.0
0,Oneil Cruz,PIT,21711,665833.0,26,620.0,560.0,379.0,184.0,0.2964,55.0,0.08876425888665325,2.0,2.0,0.364,0.142,0.047,0.222,0.348,0.21,0.03,138.0,78.0,31.0,3.0,26.0,272.0,0.246,0.315,0.45,0.765,83.0,90.0,24.6,22.2,2.0,"SS, OF",11.92,8.94,138.0
0,Bryce Harper,PHI,11579,547180.0,32,636.0,542.0,402.0,142.0,0.223616,87.0,0.13732848039810658,2.0,4.0,0.359,0.113,0.082,0.249,0.289,0.233,0.034,144.0,83.0,33.0,2.0,26.0,264.0,0.266,0.371,0.476,0.847,95.0,91.0,12.9,9.6,3.0,1B,11.78,8.31,141.0
0,Pete Alonso,NYM,19251,624413.0,30,658.0,571.0,417.0,156.0,0.2373,71.0,0.10847895153626859,2.0,14.0,0.325,0.128,0.065,0.201,0.294,0.264,0.048,135.0,74.0,26.0,2.0,33.0,268.0,0.237,0.336,0.463,0.798,89.0,97.0,4.7,4.1,1.0,1B,11.67,8.05,146.0
0,Wyatt Langford,TEX,33333,694671.0,23,598.0,535.0,414.0,122.0,0.204872,56.0,0.09441806873557324,2.0,5.0,0.342,0.1,0.064,0.24,0.297,0.256,0.042,142.0,84.0,30.0,2.0,26.0,267.0,0.265,0.34,0.474,0.814,82.0,82.0,19.9,16.5,3.0,OF,11.57,8.39,133.0
0,Luis Robert,CWS,20043,673357.0,27,599.0,548.0,368.0,182.0,0.3029,41.0,0.06880848739495798,2.0,8.0,0.35,0.116,0.056,0.243,0.278,0.267,0.04,129.0,76.0,27.0,1.0,24.0,248.0,0.235,0.297,0.421,0.719,84.0,80.0,27.6,22.3,5.0,OF,11.53,8.42,133.0
0,Matt Olson,ATL,14344,621566.0,31,663.0,574.0,417.0,159.0,0.24000000000000002,81.0,0.12187521606507372,2.0,6.0,0.346,0.128,0.076,0.223,0.269,0.269,0.034,144.0,81.0,30.0,2.0,31.0,274.0,0.251,0.348,0.473,0.821,89.0,96.0,3.2,3.0,0.0,1B,11.38,7.9,147.0
0,James Wood,WSH,29518,695578.0,22,594.0,517.0,362.0,157.0,0.26439999999999997,69.0,0.11697928571428573,2.0,6.0,0.39,0.112,0.061,0.292,0.376,0.121,0.038,141.0,88.0,26.0,3.0,23.0,258.0,0.273,0.364,0.47,0.834,77.0,82.0,26.2,20.5,6.0,OF,11.38,8.39,132.0
0,Anthony Santander,TOR,14551,623993.0,30,640.0,575.0,441.0,135.0,0.2113,55.0,0.08634957824159188,2.0,9.0,0.316,0.107,0.082,0.207,0.238,0.332,0.034,140.0,76.0,31.0,2.0,31.0,269.0,0.243,0.318,0.464,0.781,84.0,92.0,4.0,3.5,1.0,OF,11.28,7.87,142.0
0,Kyle Schwarber,PHI,16478,656941.0,32,660.0,551.0,362.0,191.0,0.289176,102.0,0.15400188182921895,2.0,5.0,0.349,0.145,0.069,0.218,0.277,0.262,0.03,126.0,67.0,23.0,2.0,34.0,257.0,0.229,0.353,0.465,0.819,90.0,88.0,8.2,4.6,4.0,UT,11.23,8.02,147.0
0,Jose Altuve,HOU,5417,514888.0,34,642.0,582.0,465.0,119.0,0.185128,52.0,0.08030934065934067,1.0,7.0,0.333,0.071,0.049,0.258,0.311,0.241,0.071,155.0,103.0,29.0,1.0,21.0,262.0,0.265,0.332,0.429,0.761,93.0,66.0,19.9,15.7,4.0,2B,11.23,7.72,143.0
0,William Contreras,MIL,20503,661388.0,27,628.0,552.0,423.0,130.0,0.20689999999999995,71.0,0.11231976744186047,2.0,4.0,0.349,0.095,0.071,0.232,0.386,0.186,0.03,148.0,91.0,30.0,2.0,24.0,263.0,0.268,0.354,0.462,0.816,83.0,88.0,11.8,9.9,2.0,C,11.14,7.65,140.0
0,Ezequiel Tovar,COL,24064,678662.0,23,647.0,613.0,439.0,175.0,0.270672,29.0,0.0441510905125409,2.0,4.0,0.365,0.095,0.064,0.27,0.261,0.26,0.05,160.0,95.0,37.0,3.0,25.0,292.0,0.262,0.298,0.457,0.755,85.0,86.0,18.5,15.5,3.0,SS,11.04,8.36,144.0
0,Mike Trout,LAA,10155,545361.0,33,485.0,421.0,291.0,132.0,0.27248,54.0,0.11183208430913348,2.0,8.0,0.38,0.175,0.063,0.239,0.187,0.292,0.045,111.0,56.0,21.0,2.0,31.0,240.0,0.263,0.356,0.546,0.902,85.0,67.0,16.7,13.2,4.0,OF,10.97,8.05,108.0
0,Bryan Reynolds,PIT,19326,668804.0,30,656.0,586.0,443.0,145.0,0.2217,58.0,0.08860817245817244,2.0,10.0,0.35,0.097,0.068,0.263,0.315,0.216,0.04,155.0,97.0,31.0,3.0,24.0,273.0,0.264,0.34,0.451,0.79,91.0,79.0,12.3,10.7,2.0,OF,10.95,7.91,146.0
0,Trea Turner,PHI,16252,607208.0,31,649.0,602.0,473.0,131.0,0.20140000000000002,40.0,0.06215522648083625,2.0,5.0,0.337,0.075,0.062,0.24,0.332,0.259,0.032,159.0,104.0,31.0,2.0,22.0,279.0,0.265,0.316,0.434,0.75,98.0,71.0,21.9,19.6,2.0,SS,10.89,8.39,144.0
0,Ozzie Albies,ATL,16556,645277.0,28,627.0,576.0,476.0,102.0,0.1625,44.0,0.07001986301369864,2.0,6.0,0.316,0.072,0.069,0.242,0.29,0.303,0.023,151.0,96.0,33.0,2.0,20.0,257.0,0.261,0.319,0.429,0.748,81.0,83.0,12.7,11.3,1.0,2B,10.79,7.28,139.0
0,Freddie Freeman,LAD,5361,518692.0,35,644.0,556.0,445.0,113.0,0.17550400000000002,77.0,0.12003744360902256,2.0,9.0,0.343,0.096,0.08,0.262,0.27,0.248,0.044,153.0,94.0,34.0,3.0,22.0,265.0,0.274,0.37,0.464,0.834,89.0,93.0,9.8,8.1,2.0,1B,10.76,7.7,143.0
0,Luis Rengifo,LAA,19858,650859.0,28,541.0,496.0,404.0,92.0,0.1704,38.0,0.07057142857142858,1.0,6.0,0.324,0.051,0.053,0.264,0.378,0.226,0.027,131.0,93.0,21.0,2.0,15.0,222.0,0.265,0.324,0.407,0.731,75.0,64.0,39.0,29.6,9.0,"2B, 3B",10.7,7.73,120.0
0,Brenton Doyle,COL,25479,686668.0,26,612.0,562.0,397.0,167.0,0.273,45.0,0.07312962420558167,2.0,4.0,0.341,0.097,0.058,0.235,0.301,0.249,0.06,135.0,83.0,27.0,4.0,21.0,253.0,0.241,0.3,0.416,0.716,85.0,68.0,29.1,24.4,5.0,OF,10.55,7.96,136.0
0,Christian Walker,HOU,13419,572233.0,34,627.0,555.0,415.0,142.0,0.22726000000000005,62.0,0.09869239783299966,2.0,8.0,0.331,0.117,0.066,0.223,0.275,0.28,0.04,137.0,79.0,28.0,2.0,29.0,258.0,0.247,0.331,0.459,0.789,81.0,93.0,6.1,4.8,1.0,1B,10.49,7.44,139.0
0,C.J. Abrams,WSH,25768,682928.0,24,604.0,547.0,426.0,123.0,0.203316,41.0,0.06864816729323309,2.0,14.0,0.333,0.078,0.082,0.245,0.301,0.244,0.05,142.0,89.0,29.0,3.0,20.0,262.0,0.259,0.326,0.437,0.763,88.0,63.0,35.6,29.4,6.0,SS,10.4,8.35,134.0
0,Jordan Westburg,BAL,27815,676059.0,26,569.0,525.0,398.0,129.0,0.2263,34.0,0.06038857142857144,2.0,8.0,0.344,0.103,0.085,0.242,0.301,0.241,0.027,137.0,80.0,33.0,4.0,20.0,247.0,0.261,0.315,0.454,0.769,76.0,81.0,14.9,11.7,3.0,"2B, 3B",10.39,7.09,126.0
0,Jazz Chisholm,NYY,20454,665862.0,27,601.0,545.0,390.0,157.0,0.2609,51.0,0.08400791690381333,2.0,4.0,0.328,0.099,0.061,0.224,0.347,0.215,0.055,128.0,78.0,23.0,2.0,24.0,250.0,0.234,0.303,0.418,0.721,87.0,75.0,33.5,27.9,6.0,"3B, OF",10.32,8.6,134.0
0,Taylor Ward,LAA,17548,621493.0,31,645.0,575.0,429.0,148.0,0.22910000000000003,60.0,0.09285714285714286,2.0,8.0,0.334,0.112,0.065,0.23,0.281,0.291,0.02,143.0,86.0,30.0,2.0,26.0,258.0,0.249,0.328,0.442,0.77,81.0,86.0,10.7,7.0,4.0,OF,10.3,7.41,143.0
0,Ian Happ,CHC,17919,664023.0,30,654.0,564.0,410.0,156.0,0.2386,82.0,0.12517628232301822,2.0,6.0,0.34,0.103,0.068,0.242,0.286,0.267,0.035,139.0,83.0,30.0,3.0,24.0,258.0,0.247,0.348,0.438,0.786,91.0,70.0,15.5,13.1,2.0,OF,10.22,7.53,145.0
0,Austin Riley,ATL,18360,663586.0,27,654.0,585.0,429.0,159.0,0.24330000000000002,56.0,0.08542949806949807,2.0,11.0,0.355,0.134,0.077,0.225,0.283,0.258,0.023,152.0,88.0,33.0,2.0,30.0,279.0,0.26,0.334,0.474,0.809,97.0,92.0,2.8,2.2,1.0,3B,10.17,7.93,145.0
0,Rafael Devers,BOS,17350,646240.0,28,638.0,557.0,416.0,142.0,0.22290000000000001,73.0,0.11468409478349813,2.0,7.0,0.353,0.121,0.08,0.216,0.31,0.238,0.034,147.0,80.0,37.0,2.0,28.0,278.0,0.264,0.355,0.492,0.847,96.0,91.0,6.4,5.2,1.0,3B,10.17,8.01,142.0
0,Adolis Garcia,TEX,19287,666969.0,32,607.0,549.0,384.0,168.0,0.276372,50.0,0.08268917595406958,2.0,5.0,0.338,0.127,0.07,0.222,0.286,0.267,0.029,130.0,74.0,26.0,2.0,27.0,247.0,0.236,0.305,0.438,0.743,76.0,83.0,13.2,10.0,3.0,OF,10.11,7.36,135.0
0,Cal Raleigh,SEA,21534,663728.0,28,578.0,512.0,356.0,158.0,0.27390000000000003,60.0,0.10435426065162907,2.0,4.0,0.339,0.135,0.068,0.23,0.212,0.313,0.042,121.0,65.0,24.0,1.0,30.0,243.0,0.235,0.319,0.464,0.784,75.0,82.0,7.6,6.5,1.0,C,10.07,6.93,128.0
0,Corey Seager,TEX,13624,608369.0,30,555.0,490.0,393.0,99.0,0.17919999999999997,58.0,0.10496751971134571,2.0,4.0,0.351,0.14,0.093,0.226,0.285,0.225,0.03,138.0,76.0,29.0,2.0,31.0,265.0,0.282,0.362,0.539,0.901,89.0,78.0,4.1,2.4,2.0,SS,10.06,7.58,123.0
0,Manny Machado,SD,11493,592518.0,32,638.0,581.0,459.0,124.0,0.194652,53.0,0.08315597152044098,2.0,1.0,0.333,0.104,0.064,0.231,0.313,0.261,0.027,153.0,95.0,29.0,1.0,27.0,273.0,0.263,0.325,0.458,0.784,82.0,95.0,12.4,9.5,3.0,3B,10.04,8.05,142.0
0,Randy Arozarena,SEA,19290,668227.0,30,628.0,540.0,386.0,156.0,0.24819999999999998,71.0,0.11379746543778801,2.0,15.0,0.331,0.094,0.07,0.215,0.326,0.263,0.032,128.0,77.0,27.0,3.0,21.0,232.0,0.236,0.341,0.411,0.751,74.0,82.0,25.4,18.0,7.0,OF,10.0,7.46,140.0
0,Willy Adames,SF,15986,642715.0,29,648.0,574.0,413.0,163.0,0.2515,70.0,0.10776958629605687,2.0,2.0,0.335,0.115,0.07,0.224,0.239,0.303,0.049,138.0,80.0,32.0,2.0,25.0,260.0,0.241,0.325,0.433,0.758,86.0,76.0,19.6,15.7,4.0,SS,9.98,7.73,144.0
0,Dylan Crews,WSH,33541,686611.0,23,582.0,521.0,395.0,127.0,0.21838383838383837,46.0,0.07904761904761905,2.0,14.0,0.325,0.077,0.066,0.235,0.348,0.242,0.031,129.0,83.0,24.0,1.0,20.0,235.0,0.247,0.324,0.415,0.739,76.0,65.0,33.3,25.8,7.0,OF,9.95,7.71,129.0
0,Lane Thomas,CLE,16939,657041.0,29,556.0,507.0,366.0,142.0,0.2551,41.0,0.07355554899645808,1.0,7.0,0.334,0.082,0.067,0.261,0.291,0.257,0.042,122.0,74.0,28.0,3.0,18.0,227.0,0.242,0.306,0.412,0.718,71.0,74.0,34.2,25.9,8.0,OF,9.86,7.6,124.0
0,Marcus Semien,TEX,12533,543760.0,34,666.0,600.0,495.0,106.0,0.15906399999999998,60.0,0.09075100029134699,2.0,4.0,0.312,0.068,0.057,0.247,0.268,0.318,0.042,155.0,101.0,30.0,2.0,21.0,258.0,0.258,0.329,0.423,0.752,92.0,66.0,9.5,7.0,2.0,2B,9.8,6.68,148.0
0,Riley Greene,DET,25976,682985.0,24,625.0,553.0,392.0,164.0,0.26176,65.0,0.10436285714285713,2.0,4.0,0.368,0.133,0.077,0.249,0.335,0.183,0.023,144.0,86.0,30.0,5.0,24.0,261.0,0.261,0.342,0.463,0.805,88.0,76.0,7.2,6.1,1.0,OF,9.75,7.12,139.0
0,Zack Gelof,OAK,29766,680869.0,25,582.0,530.0,351.0,180.0,0.3095,45.0,0.07741262101534828,1.0,5.0,0.335,0.091,0.066,0.233,0.314,0.255,0.041,118.0,70.0,26.0,2.0,21.0,224.0,0.222,0.289,0.394,0.683,68.0,70.0,23.4,19.6,4.0,2B,9.65,6.81,129.0
0,Bryson Stott,PHI,26294,681082.0,27,570.0,518.0,425.0,95.0,0.1659,47.0,0.08238578860445911,1.0,4.0,0.313,0.046,0.055,0.264,0.323,0.28,0.032,133.0,92.0,24.0,3.0,14.0,225.0,0.256,0.322,0.394,0.716,71.0,68.0,27.2,23.9,3.0,2B,9.64,6.96,127.0
0,Nick Castellanos,PHI,11737,592206.0,33,623.0,575.0,426.0,151.0,0.242592,40.0,0.06463496240601505,2.0,6.0,0.352,0.087,0.068,0.276,0.273,0.264,0.033,150.0,94.0,32.0,3.0,22.0,256.0,0.261,0.314,0.437,0.751,78.0,85.0,8.3,6.6,2.0,OF,9.58,7.02,138.0
0,Matt McLain,CIN,29695,680574.0,25,561.0,505.0,351.0,156.0,0.27849999999999997,45.0,0.07940857142857144,2.0,10.0,0.378,0.104,0.073,0.267,0.265,0.242,0.05,133.0,77.0,28.0,3.0,24.0,241.0,0.262,0.333,0.475,0.807,83.0,72.0,2.4,1.8,1.0,"2B, SS",9.52,6.41,125.0
0,Mark Vientos,NYM,22184,668901.0,25,612.0,562.0,387.0,177.0,0.28979999999999995,43.0,0.06969714285714286,2.0,5.0,0.355,0.126,0.067,0.242,0.324,0.208,0.033,137.0,79.0,25.0,2.0,32.0,263.0,0.245,0.302,0.464,0.766,85.0,93.0,2.4,2.3,0.0,3B,9.48,7.52,136.0
0,Seiya Suzuki,CHC,30116,673548.0,30,562.0,495.0,357.0,140.0,0.2492,60.0,0.10678845401174168,2.0,5.0,0.361,0.106,0.086,0.257,0.272,0.255,0.023,129.0,79.0,26.0,3.0,21.0,233.0,0.261,0.345,0.455,0.8,73.0,78.0,18.9,13.2,6.0,OF,9.33,7.05,125.0
0,Josh Naylor,ARI,18839,647304.0,27,601.0,537.0,441.0,98.0,0.163,57.0,0.09440829787234044,2.0,6.0,0.322,0.083,0.063,0.24,0.329,0.247,0.037,142.0,88.0,31.0,3.0,21.0,245.0,0.264,0.34,0.446,0.786,78.0,85.0,12.1,8.8,3.0,1B,9.2,6.85,134.0
0,Andres Gimenez,TOR,19950,665926.0,26,599.0,545.0,444.0,102.0,0.17070000000000002,33.0,0.05469763582294407,1.0,20.0,0.306,0.044,0.048,0.248,0.341,0.253,0.065,136.0,93.0,26.0,3.0,14.0,227.0,0.249,0.315,0.383,0.698,69.0,69.0,25.8,21.8,4.0,2B,9.2,6.64,133.0
0,Christian Yelich,MIL,11477,592885.0,33,541.0,468.0,354.0,116.0,0.213444,69.0,0.1271411751395384,1.0,3.0,0.353,0.085,0.072,0.27,0.376,0.157,0.04,125.0,82.0,24.0,3.0,16.0,221.0,0.267,0.364,0.433,0.797,77.0,65.0,26.2,22.4,4.0,OF,9.1,7.16,120.0
0,Luis Garcia Jr.,WSH,20391,671277.0,24,546.0,511.0,429.0,84.0,0.153088,33.0,0.06066057991513437,2.0,0.0,0.332,0.081,0.06,0.244,0.381,0.196,0.038,142.0,93.0,29.0,3.0,18.0,243.0,0.279,0.322,0.451,0.773,63.0,67.0,21.9,17.1,5.0,2B,9.07,6.57,121.0
0,Dansby Swanson,CHC,18314,621020.0,31,625.0,560.0,412.0,150.0,0.24020000000000002,59.0,0.09472566438435652,2.0,4.0,0.331,0.095,0.073,0.23,0.344,0.224,0.034,136.0,87.0,27.0,3.0,20.0,243.0,0.243,0.319,0.409,0.727,75.0,80.0,21.3,18.0,3.0,SS,9.03,7.22,139.0
0,Jake Burger,TEX,22275,669394.0,28,582.0,535.0,386.0,152.0,0.2601,35.0,0.060561911145155106,2.0,10.0,0.358,0.128,0.071,0.235,0.304,0.227,0.036,138.0,78.0,28.0,3.0,29.0,260.0,0.258,0.315,0.486,0.801,76.0,81.0,3.5,1.8,2.0,"1B, 3B",9.02,6.63,129.0
0,Brice Turang,MIL,22186,668930.0,25,564.0,513.0,408.0,106.0,0.1875,48.0,0.0849958106841612,1.0,2.0,0.295,0.034,0.042,0.264,0.358,0.235,0.066,120.0,87.0,20.0,3.0,10.0,207.0,0.235,0.303,0.343,0.646,63.0,57.0,42.5,36.7,6.0,2B,9.02,6.88,125.0
0,Pete Crow-Armstrong,CHC,27769,691718.0,23,530.0,485.0,360.0,127.0,0.238964,33.0,0.06237507492507492,1.0,10.0,0.318,0.083,0.059,0.219,0.273,0.263,0.103,114.0,71.0,22.0,3.0,18.0,220.0,0.236,0.298,0.407,0.705,61.0,67.0,34.8,28.7,6.0,OF,8.98,7.21,118.0
0,Matt Chapman,SF,16505,656305.0,31,629.0,557.0,398.0,161.0,0.25670000000000004,62.0,0.09937871102838532,2.0,7.0,0.343,0.13,0.076,0.204,0.264,0.293,0.033,136.0,75.0,32.0,4.0,25.0,261.0,0.245,0.328,0.453,0.78,79.0,90.0,13.7,11.2,2.0,3B,8.92,7.4,140.0
0,Salvador Perez,KC,7304,521692.0,34,593.0,541.0,411.0,132.0,0.221852,40.0,0.06663863636363636,2.0,11.0,0.33,0.107,0.072,0.242,0.248,0.298,0.033,136.0,83.0,26.0,2.0,24.0,240.0,0.251,0.314,0.44,0.754,73.0,85.0,2.2,2.0,0.0,"C, 1B",8.87,6.16,132.0
0,Paul Goldschmidt,NYY,9218,502671.0,37,616.0,556.0,394.0,163.0,0.264936,55.0,0.08983855864493448,2.0,3.0,0.347,0.106,0.081,0.258,0.295,0.228,0.032,137.0,85.0,28.0,1.0,22.0,241.0,0.246,0.317,0.422,0.739,76.0,86.0,9.3,7.7,2.0,1B,8.86,6.59,137.0
0,Josh Lowe,TB,19953,666139.0,27,514.0,470.0,329.0,143.0,0.2778,42.0,0.08096899613899614,1.0,1.0,0.343,0.102,0.056,0.255,0.288,0.273,0.025,113.0,68.0,25.0,2.0,18.0,214.0,0.24,0.302,0.416,0.718,66.0,75.0,22.7,20.5,2.0,OF,8.78,6.86,114.0
0,Xander Bogaerts,SD,12161,593428.0,32,610.0,558.0,452.0,107.0,0.175768,45.0,0.07314285714285713,1.0,6.0,0.324,0.059,0.044,0.254,0.361,0.244,0.038,147.0,103.0,26.0,1.0,16.0,234.0,0.263,0.323,0.4,0.723,70.0,71.0,15.7,13.0,3.0,"2B, SS",8.76,6.23,136.0
0,Heliot Ramos,SF,22515,671218.0,25,572.0,524.0,376.0,151.0,0.2636,43.0,0.07559086999505685,2.0,2.0,0.342,0.132,0.056,0.195,0.342,0.227,0.048,129.0,75.0,26.0,2.0,25.0,239.0,0.245,0.305,0.447,0.751,72.0,78.0,8.5,6.4,2.0,OF,8.75,6.54,127.0
0,Yainer Diaz,HOU,23003,673237.0,26,548.0,519.0,419.0,101.0,0.18419999999999997,24.0,0.04430586919104991,2.0,4.0,0.348,0.085,0.077,0.271,0.35,0.188,0.029,146.0,94.0,29.0,2.0,21.0,244.0,0.282,0.318,0.465,0.783,73.0,81.0,3.5,3.3,0.0,C,8.68,6.16,122.0
0,Brandon Lowe,TB,18882,664040.0,30,500.0,446.0,316.0,132.0,0.2632,46.0,0.09182073170731707,1.0,7.0,0.343,0.112,0.068,0.248,0.271,0.263,0.038,108.0,61.0,22.0,1.0,23.0,209.0,0.243,0.321,0.456,0.777,72.0,69.0,6.8,6.0,1.0,2B,8.61,5.96,111.0
0,Jesus Sanchez,MIA,19913,660821.0,27,536.0,484.0,347.0,139.0,0.25870000000000004,47.0,0.08704045184847102,2.0,4.0,0.36,0.115,0.064,0.248,0.362,0.172,0.04,125.0,75.0,27.0,3.0,21.0,229.0,0.258,0.327,0.452,0.779,68.0,73.0,14.8,12.7,2.0,OF,8.58,6.64,119.0
0,Anthony Volpe,NYY,27647,683011.0,23,614.0,563.0,416.0,148.0,0.24042799999999995,45.0,0.07385996677740864,1.0,4.0,0.318,0.064,0.062,0.264,0.354,0.209,0.047,133.0,88.0,25.0,3.0,17.0,234.0,0.236,0.297,0.381,0.678,72.0,72.0,30.4,24.8,6.0,SS,8.56,7.12,136.0
0,Cody Bellinger,NYY,15998,641355.0,29,585.0,533.0,439.0,96.0,0.1632,48.0,0.08131666666666666,1.0,3.0,0.297,0.065,0.048,0.245,0.274,0.34,0.028,130.0,83.0,26.0,2.0,19.0,228.0,0.244,0.309,0.409,0.718,73.0,79.0,17.0,13.5,4.0,"1B, OF",8.41,6.49,130.0
0,Bo Bichette,TOR,19612,666182.0,27,616.0,575.0,457.0,119.0,0.19390000000000002,36.0,0.058341855465772224,2.0,3.0,0.344,0.071,0.066,0.277,0.348,0.191,0.046,157.0,107.0,30.0,2.0,18.0,252.0,0.273,0.319,0.427,0.746,88.0,70.0,15.0,10.9,4.0,SS,8.4,6.8,137.0
0,Brandon Nimmo,NYM,12927,607043.0,32,597.0,519.0,383.0,138.0,0.23047200000000004,65.0,0.10949333510355815,2.0,11.0,0.335,0.09,0.064,0.248,0.325,0.249,0.024,128.0,81.0,25.0,2.0,20.0,226.0,0.247,0.342,0.419,0.762,75.0,74.0,12.3,10.2,2.0,OF,8.37,6.41,133.0
0,Jorge Soler,LAA,14221,624585.0,33,555.0,484.0,348.0,138.0,0.24941600000000003,63.0,0.11410679623669226,2.0,5.0,0.329,0.125,0.078,0.217,0.263,0.277,0.039,114.0,64.0,24.0,1.0,25.0,220.0,0.236,0.33,0.449,0.779,71.0,80.0,3.5,3.2,0.0,OF,8.27,6.17,123.0
0,Masyn Winn,STL,27479,691026.0,23,630.0,582.0,472.0,111.0,0.17619999999999997,44.0,0.06974756367663344,1.0,3.0,0.311,0.047,0.06,0.259,0.315,0.263,0.056,147.0,102.0,28.0,2.0,14.0,240.0,0.252,0.307,0.382,0.689,85.0,61.0,30.7,23.9,7.0,SS,8.26,6.98,140.0
0,Triston Casas,BOS,22514,671213.0,25,580.0,497.0,345.0,154.0,0.2664,79.0,0.1364216970278044,2.0,1.0,0.355,0.122,0.072,0.22,0.295,0.25,0.041,123.0,68.0,27.0,2.0,26.0,230.0,0.246,0.35,0.466,0.816,73.0,83.0,4.1,0.8,3.0,1B,8.16,6.08,129.0
0,Maikel Garcia,KC,22715,672580.0,25,544.0,503.0,401.0,103.0,0.1895,39.0,0.07234571428571429,1.0,1.0,0.316,0.045,0.061,0.272,0.373,0.216,0.033,127.0,90.0,24.0,2.0,10.0,208.0,0.252,0.307,0.369,0.676,65.0,56.0,33.4,27.7,6.0,"2B, 3B",8.14,6.23,121.0
0,Cedric Mullins II,BAL,17929,656775.0,30,530.0,476.0,367.0,111.0,0.209,47.0,0.08829330637915545,1.0,5.0,0.298,0.058,0.052,0.229,0.265,0.344,0.053,109.0,71.0,21.0,2.0,15.0,199.0,0.23,0.305,0.378,0.683,64.0,68.0,30.6,25.0,6.0,OF,8.13,6.59,118.0
0,Lourdes Gurriel Jr.,ARI,19238,666971.0,31,560.0,519.0,418.0,102.0,0.183,33.0,0.05967432938240799,2.0,5.0,0.325,0.074,0.069,0.25,0.303,0.268,0.035,136.0,88.0,29.0,3.0,17.0,228.0,0.262,0.312,0.425,0.737,70.0,81.0,9.8,8.4,1.0,OF,8.05,6.18,124.0
0,Willson Contreras,STL,11609,575929.0,32,572.0,487.0,347.0,142.0,0.24794799999999997,64.0,0.11155135655669068,2.0,20.0,0.347,0.11,0.064,0.253,0.309,0.224,0.04,120.0,73.0,25.0,1.0,21.0,215.0,0.247,0.357,0.434,0.791,74.0,75.0,6.7,5.1,2.0,C,8.01,5.75,127.0
0,Vinnie Pasquantino,KC,27676,686469.0,27,608.0,547.0,467.0,81.0,0.13369999999999999,55.0,0.09090555633555633,2.0,5.0,0.312,0.073,0.082,0.241,0.293,0.281,0.031,146.0,92.0,33.0,3.0,19.0,244.0,0.267,0.338,0.44,0.778,77.0,83.0,3.7,3.6,0.0,1B,8.01,6.07,135.0
0,Andrew Vaughn,CWS,26197,683734.0,26,608.0,558.0,431.0,129.0,0.21239999999999998,39.0,0.06476,2.0,8.0,0.32,0.088,0.076,0.228,0.304,0.277,0.028,138.0,86.0,28.0,1.0,22.0,238.0,0.247,0.305,0.421,0.726,73.0,84.0,3.8,3.6,0.0,1B,7.98,6.02,135.0
0,Kerry Carpenter,DET,25961,681481.0,27,492.0,448.0,326.0,123.0,0.2509,35.0,0.07113208136234626,2.0,7.0,0.363,0.135,0.069,0.251,0.279,0.235,0.032,118.0,67.0,24.0,4.0,23.0,222.0,0.265,0.327,0.491,0.818,67.0,78.0,4.0,3.0,1.0,OF,7.92,6.04,109.0
0,Gleyber Torres,DET,16997,650402.0,28,634.0,568.0,454.0,116.0,0.1835,61.0,0.0962857142857143,2.0,3.0,0.318,0.071,0.065,0.256,0.3,0.279,0.029,144.0,98.0,28.0,2.0,16.0,229.0,0.253,0.328,0.396,0.724,78.0,67.0,8.8,6.2,3.0,2B,7.88,5.54,141.0
0,Jurickson Profar,ATL,10815,595777.0,32,619.0,543.0,440.0,104.0,0.168188,66.0,0.1063159858224198,1.0,9.0,0.328,0.066,0.052,0.274,0.305,0.261,0.041,144.0,97.0,29.0,2.0,17.0,234.0,0.266,0.354,0.419,0.774,87.0,61.0,11.3,8.9,2.0,OF,7.88,6.17,138.0
0,Jasson Dominguez,NYY,28080,691176.0,22,524.0,464.0,330.0,135.0,0.2573333333333333,55.0,0.10571428571428572,1.0,3.0,0.321,0.086,0.061,0.246,0.312,0.225,0.07,106.0,66.0,20.0,1.0,19.0,204.0,0.229,0.315,0.402,0.717,65.0,64.0,23.7,20.2,3.0,OF,7.88,6.37,116.0
0,Alex Bregman,BOS,17678,608324.0,31,641.0,573.0,486.0,88.0,0.1375,59.0,0.09204027982326951,2.0,7.0,0.322,0.064,0.078,0.247,0.273,0.311,0.027,157.0,101.0,33.0,2.0,20.0,257.0,0.273,0.348,0.442,0.79,83.0,87.0,6.1,4.6,1.0,3B,7.85,6.72,142.0
0,Jonathan India,KC,21523,663697.0,28,605.0,516.0,395.0,122.0,0.2021,68.0,0.11257142857142857,1.0,20.0,0.331,0.077,0.063,0.262,0.31,0.245,0.042,131.0,87.0,26.0,3.0,15.0,217.0,0.253,0.361,0.402,0.763,82.0,54.0,14.0,11.9,2.0,2B,7.82,5.68,134.0
0,Colton Cowser,BAL,29591,681297.0,25,551.0,484.0,323.0,163.0,0.2964,56.0,0.10094966860725481,2.0,9.0,0.35,0.117,0.07,0.235,0.32,0.219,0.039,113.0,65.0,23.0,2.0,22.0,213.0,0.233,0.323,0.427,0.75,67.0,71.0,13.1,9.8,3.0,OF,7.74,6.05,122.0
0,Yandy Diaz,TB,16578,650490.0,33,659.0,592.0,485.0,109.0,0.16481200000000001,59.0,0.09028571428571429,2.0,6.0,0.34,0.082,0.058,0.251,0.392,0.188,0.028,165.0,111.0,32.0,1.0,20.0,258.0,0.278,0.349,0.44,0.79,93.0,65.0,3.9,0.8,3.0,1B,7.73,5.93,146.0
0,Steven Kwan,CLE,24610,680757.0,27,654.0,582.0,510.0,73.0,0.11159999999999999,65.0,0.0998252259822848,1.0,5.0,0.308,0.029,0.048,0.274,0.32,0.29,0.038,157.0,115.0,30.0,2.0,11.0,234.0,0.27,0.348,0.385,0.733,91.0,59.0,16.7,13.4,3.0,OF,7.66,6.12,145.0
0,Jeremy Pena,HOU,21636,665161.0,27,631.0,586.0,469.0,119.0,0.1883,34.0,0.05433822429906542,1.0,9.0,0.317,0.055,0.056,0.247,0.384,0.217,0.041,148.0,103.0,27.0,2.0,16.0,238.0,0.253,0.304,0.389,0.693,72.0,74.0,22.7,16.5,6.0,SS,7.61,6.41,140.0
0,George Springer,TOR,12856,543807.0,35,599.0,537.0,420.0,118.0,0.19718000000000002,55.0,0.09164254323163343,1.0,6.0,0.306,0.069,0.054,0.234,0.343,0.228,0.055,128.0,87.0,24.0,2.0,16.0,209.0,0.239,0.316,0.377,0.693,73.0,74.0,12.8,9.9,3.0,OF,7.45,5.84,133.0
0,Spencer Steer,CIN,26323,668715.0,27,550.0,483.0,369.0,116.0,0.2101,58.0,0.10532060884611225,1.0,7.0,0.321,0.067,0.071,0.244,0.283,0.289,0.046,119.0,73.0,25.0,2.0,18.0,217.0,0.245,0.334,0.417,0.752,67.0,66.0,21.4,18.4,3.0,"1B, OF",7.45,6.1,122.0
0,Xavier Edwards,MIA,22266,669364.0,25,588.0,531.0,427.0,104.0,0.1776,54.0,0.09259084163898118,1.0,1.0,0.333,0.028,0.042,0.269,0.364,0.218,0.078,142.0,108.0,23.0,3.0,8.0,224.0,0.268,0.337,0.369,0.706,77.0,51.0,38.0,33.0,5.0,SS,7.44,6.79,131.0
0,Byron Buxton,MIN,14161,621439.0,31,452.0,410.0,288.0,124.0,0.2731,32.0,0.07171122448979592,2.0,9.0,0.345,0.126,0.08,0.204,0.241,0.318,0.031,99.0,52.0,23.0,2.0,22.0,200.0,0.242,0.31,0.469,0.779,63.0,68.0,10.1,8.9,1.0,OF,7.25,5.79,100.0
0,Zach Neto,LAA,31347,687263.0,24,550.0,492.0,367.0,127.0,0.231232,38.0,0.06993558539205158,1.0,18.0,0.322,0.076,0.077,0.226,0.305,0.239,0.06,118.0,71.0,27.0,1.0,19.0,214.0,0.24,0.317,0.413,0.729,69.0,67.0,19.8,15.5,4.0,SS,7.17,6.18,122.0
0,Adley Rutschman,BAL,26288,668939.0,27,615.0,544.0,446.0,100.0,0.1618,67.0,0.10897291105121296,1.0,3.0,0.323,0.068,0.056,0.279,0.274,0.294,0.029,144.0,97.0,28.0,2.0,17.0,228.0,0.265,0.348,0.418,0.765,80.0,68.0,3.9,2.3,2.0,C,7.12,5.23,137.0
0,JJ Bleday,OAK,26368,668709.0,27,613.0,540.0,415.0,127.0,0.2072,67.0,0.10983730158730158,2.0,4.0,0.304,0.079,0.065,0.238,0.274,0.313,0.031,126.0,75.0,31.0,3.0,17.0,217.0,0.233,0.321,0.396,0.717,76.0,74.0,6.9,4.9,2.0,OF,7.05,5.48,136.0
0,Junior Caminero,TB,28163,691406.0,21,574.0,510.0,384.0,127.0,0.22140800000000002,58.0,0.10054939637826962,2.0,5.0,0.305,0.123,0.035,0.175,0.393,0.213,0.06,117.0,69.0,21.0,1.0,26.0,219.0,0.23,0.313,0.427,0.74,71.0,85.0,6.5,4.1,2.0,3B,7.0,6.15,128.0
0,Nico Hoerner,CHC,21479,663538.0,27,533.0,483.0,419.0,65.0,0.12160000000000001,40.0,0.07559147694292163,1.0,9.0,0.311,0.024,0.037,0.278,0.356,0.26,0.044,130.0,98.0,22.0,2.0,7.0,197.0,0.269,0.336,0.37,0.706,61.0,56.0,27.1,22.7,4.0,2B,6.95,5.47,118.0
0,Shea Langeliers,OAK,25816,669127.0,27,502.0,456.0,320.0,138.0,0.2741,40.0,0.07970540178571428,1.0,5.0,0.324,0.121,0.059,0.21,0.281,0.296,0.033,104.0,57.0,22.0,2.0,23.0,200.0,0.227,0.295,0.434,0.73,62.0,72.0,6.2,4.1,2.0,C,6.92,5.11,112.0
0,Brendan Donovan,STL,24679,680977.0,28,573.0,513.0,435.0,80.0,0.1391,46.0,0.07954484708839547,1.0,13.0,0.316,0.059,0.066,0.261,0.323,0.254,0.036,138.0,95.0,27.0,2.0,13.0,212.0,0.268,0.342,0.405,0.747,71.0,62.0,9.9,6.9,3.0,"2B, OF",6.91,5.07,127.0
0,Christopher Morel,TB,21897,666624.0,25,508.0,453.0,316.0,138.0,0.27170000000000005,49.0,0.09723060439560441,1.0,5.0,0.32,0.11,0.05,0.219,0.331,0.258,0.032,101.0,60.0,18.0,2.0,21.0,190.0,0.223,0.306,0.41,0.715,58.0,61.0,12.5,8.7,4.0,"2B, 3B",6.87,5.05,113.0
0,Parker Meadows,DET,23800,678009.0,25,532.0,476.0,344.0,134.0,0.2511,52.0,0.09764300225733637,1.0,3.0,0.307,0.079,0.064,0.245,0.248,0.323,0.041,105.0,65.0,22.0,3.0,15.0,197.0,0.221,0.301,0.376,0.678,62.0,58.0,27.5,22.6,5.0,OF,6.85,5.84,118.0
0,Alec Bohm,PHI,21618,664761.0,28,614.0,564.0,471.0,95.0,0.15439999999999998,43.0,0.07049880854560395,2.0,5.0,0.326,0.067,0.079,0.257,0.343,0.226,0.029,154.0,101.0,32.0,2.0,18.0,249.0,0.272,0.328,0.433,0.761,76.0,82.0,8.0,6.2,2.0,3B,6.78,6.16,136.0
0,Willi Castro,MIN,17338,650489.0,27,545.0,483.0,355.0,129.0,0.2363,46.0,0.08448839080459769,1.0,15.0,0.332,0.071,0.07,0.255,0.277,0.268,0.059,118.0,76.0,25.0,3.0,14.0,200.0,0.244,0.329,0.395,0.724,61.0,61.0,16.5,13.1,3.0,"2B, 3B, SS, OF",6.75,5.08,121.0
0,Thairo Estrada,COL,16426,642731.0,29,575.0,539.0,417.0,123.0,0.21389999999999998,24.0,0.0411875568449114,1.0,12.0,0.324,0.053,0.053,0.24,0.347,0.247,0.059,135.0,90.0,26.0,3.0,17.0,221.0,0.251,0.296,0.402,0.698,63.0,63.0,8.6,6.4,2.0,2B,6.68,4.9,128.0
0,Jung Hoo Lee,SF,33824,808982.0,26,547.0,503.0,444.0,60.0,0.11,37.0,0.06759493670886077,1.0,6.0,0.319,0.051,0.055,0.275,0.329,0.257,0.034,142.0,102.0,25.0,2.0,12.0,211.0,0.282,0.338,0.414,0.752,68.0,71.0,12.9,8.1,5.0,OF,6.64,5.45,122.0
0,Victor Robles,SEA,18363,645302.0,27,523.0,473.0,374.0,100.0,0.19090000000000001,33.0,0.06301142857142857,1.0,17.0,0.291,0.044,0.056,0.229,0.273,0.272,0.127,109.0,76.0,21.0,1.0,11.0,189.0,0.23,0.303,0.347,0.65,68.0,47.0,31.3,28.2,3.0,OF,6.59,5.85,116.0
0,Lars Nootbaar,STL,21454,663457.0,27,507.0,437.0,338.0,101.0,0.1988,67.0,0.13253682190056643,1.0,1.0,0.327,0.092,0.069,0.24,0.36,0.203,0.037,110.0,69.0,22.0,2.0,17.0,194.0,0.252,0.352,0.43,0.782,70.0,62.0,11.1,8.8,2.0,OF,6.57,5.42,113.0
0,Colt Keith,DET,27899,690993.0,23,522.0,483.0,381.0,103.0,0.197416,36.0,0.06967641315519014,1.0,2.0,0.329,0.066,0.054,0.289,0.313,0.236,0.042,125.0,86.0,22.0,3.0,15.0,200.0,0.26,0.313,0.407,0.719,61.0,65.0,7.1,5.5,2.0,2B,6.48,4.8,116.0
0,TJ Friedl,CIN,19522,670770.0,29,527.0,469.0,384.0,86.0,0.1638,43.0,0.08148612040133779,1.0,14.0,0.299,0.04,0.046,0.242,0.275,0.31,0.086,115.0,76.0,21.0,4.0,14.0,194.0,0.245,0.325,0.393,0.718,76.0,57.0,14.2,11.8,2.0,OF,6.42,5.38,117.0
0,Jo Adell,LAA,20220,666176.0,25,462.0,424.0,287.0,138.0,0.29910000000000003,31.0,0.06739484544695071,1.0,5.0,0.319,0.102,0.058,0.206,0.312,0.274,0.048,92.0,53.0,19.0,2.0,18.0,180.0,0.216,0.278,0.397,0.674,57.0,57.0,25.0,18.6,6.0,OF,6.39,5.52,103.0
0,Matt Wallner,MIN,26466,670242.0,27,508.0,429.0,263.0,168.0,0.3304,50.0,0.09834059639389738,2.0,27.0,0.389,0.162,0.082,0.24,0.206,0.277,0.033,102.0,53.0,24.0,2.0,24.0,204.0,0.238,0.352,0.468,0.82,71.0,52.0,6.5,5.1,1.0,OF,6.31,5.22,113.0
0,Ryan McMahon,COL,15112,641857.0,30,630.0,558.0,376.0,184.0,0.2922,67.0,0.10561630727762801,2.0,4.0,0.367,0.106,0.067,0.273,0.318,0.203,0.033,138.0,84.0,28.0,3.0,23.0,241.0,0.247,0.33,0.429,0.759,78.0,69.0,10.9,6.1,5.0,3B,6.31,5.89,140.0
0,Jordan Walker,STL,27475,691023.0,22,515.0,468.0,349.0,120.0,0.2332,40.0,0.07775428571428572,1.0,6.0,0.342,0.091,0.063,0.245,0.34,0.221,0.04,119.0,75.0,24.0,1.0,19.0,207.0,0.255,0.321,0.432,0.753,62.0,64.0,10.3,7.4,3.0,OF,6.28,5.23,114.0
0,Tommy Edman,LAD,19470,669242.0,29,539.0,495.0,402.0,94.0,0.1739,38.0,0.07060846444304596,1.0,5.0,0.304,0.051,0.058,0.241,0.364,0.25,0.036,122.0,82.0,25.0,2.0,13.0,201.0,0.247,0.307,0.385,0.692,67.0,65.0,14.0,12.2,2.0,OF,6.27,5.27,120.0
0,Rhys Hoskins,MIL,16472,656555.0,32,538.0,475.0,327.0,150.0,0.277884,55.0,0.10267210555402044,2.0,7.0,0.329,0.124,0.066,0.219,0.252,0.303,0.036,108.0,59.0,24.0,1.0,23.0,207.0,0.227,0.315,0.429,0.744,65.0,70.0,4.2,3.9,0.0,1B,6.26,5.07,120.0
0,Luis Arraez,SD,18568,650333.0,27,654.0,611.0,570.0,43.0,0.0653,36.0,0.05548828881746647,1.0,5.0,0.32,0.032,0.044,0.309,0.312,0.263,0.04,182.0,138.0,33.0,2.0,9.0,251.0,0.298,0.342,0.405,0.746,86.0,60.0,10.7,7.3,3.0,"1B, 2B",6.26,5.28,145.0
0,Isaac Paredes,HOU,20036,670623.0,26,600.0,516.0,411.0,106.0,0.176,67.0,0.11211048090523337,1.0,16.0,0.309,0.054,0.067,0.242,0.248,0.342,0.047,127.0,78.0,25.0,2.0,23.0,227.0,0.247,0.351,0.437,0.788,78.0,73.0,4.0,2.8,1.0,3B,6.19,5.73,133.0
0,Matt Shaw,CHC,sa3022615,807713.0,23,470.0,425.0,330.0,96.0,0.20476358296622613,36.0,0.07656387665198237,1.0,8.0,0.338,0.085,0.049,0.267,0.337,0.192,0.07,112.0,73.0,19.0,1.0,18.0,201.0,0.263,0.331,0.441,0.772,65.0,63.0,24.4,19.0,5.0,3B,6.14,6.16,104.0
0,Royce Lewis,MIN,20437,668904.0,25,522.0,474.0,359.0,117.0,0.2249,44.0,0.08360100303951369,2.0,2.0,0.341,0.108,0.059,0.217,0.275,0.29,0.052,122.0,71.0,25.0,1.0,24.0,225.0,0.258,0.322,0.47,0.793,70.0,76.0,2.3,2.0,0.0,3B,6.07,5.68,116.0
0,Michael Toglia,COL,25845,669911.0,26,542.0,485.0,316.0,171.0,0.3159,54.0,0.10021758782201405,2.0,1.0,0.348,0.122,0.072,0.255,0.266,0.253,0.031,110.0,60.0,25.0,3.0,22.0,213.0,0.226,0.305,0.426,0.731,62.0,65.0,10.8,8.4,2.0,1B,6.04,5.06,120.0
0,Brandon Marsh,PHI,20202,669016.0,27,489.0,430.0,282.0,150.0,0.3062,54.0,0.11070656419529837,1.0,3.0,0.372,0.094,0.096,0.267,0.288,0.224,0.032,105.0,65.0,21.0,4.0,15.0,190.0,0.244,0.332,0.414,0.746,63.0,56.0,18.4,15.3,3.0,OF,6.03,5.26,109.0
0,Will Smith,LAD,19197,669257.0,30,501.0,436.0,345.0,92.0,0.18409999999999999,52.0,0.10325733801717409,2.0,12.0,0.322,0.092,0.081,0.235,0.262,0.304,0.026,111.0,67.0,23.0,2.0,19.0,198.0,0.255,0.349,0.449,0.798,63.0,65.0,3.7,3.0,1.0,C,6.03,4.65,111.0
0,Garrett Mitchell,MIL,27555,669003.0,26,459.0,409.0,264.0,146.0,0.3176,47.0,0.1023542857142857,1.0,2.0,0.347,0.092,0.061,0.233,0.386,0.172,0.056,92.0,57.0,17.0,2.0,15.0,173.0,0.224,0.306,0.391,0.697,54.0,61.0,23.1,18.4,5.0,OF,5.97,5.25,102.0
0,Tyler Soderstrom,OAK,27467,691016.0,23,522.0,467.0,336.0,133.0,0.254432,48.0,0.09161532356532356,2.0,6.0,0.325,0.119,0.07,0.216,0.376,0.191,0.028,109.0,62.0,23.0,2.0,23.0,205.0,0.234,0.312,0.435,0.747,63.0,68.0,3.1,2.2,1.0,1B,5.8,4.79,116.0
0,Tyler Fitzgerald,SF,26208,666149.0,27,536.0,495.0,337.0,159.0,0.296,36.0,0.06738285714285715,1.0,5.0,0.34,0.079,0.052,0.245,0.254,0.325,0.044,115.0,73.0,25.0,2.0,15.0,203.0,0.232,0.29,0.38,0.669,61.0,62.0,21.9,18.4,4.0,SS,5.75,5.41,119.0
0,J.T. Realmuto,PHI,11739,592663.0,34,462.0,419.0,301.0,119.0,0.257824,34.0,0.07265509668715336,1.0,9.0,0.35,0.103,0.081,0.241,0.309,0.221,0.046,105.0,64.0,22.0,2.0,17.0,189.0,0.252,0.319,0.437,0.757,57.0,59.0,13.5,9.7,4.0,C,5.74,4.66,103.0
0,Michael Busch,CHC,26319,683737.0,27,550.0,484.0,329.0,157.0,0.28479999999999994,59.0,0.10765883597883597,1.0,6.0,0.33,0.103,0.065,0.209,0.306,0.275,0.043,108.0,63.0,24.0,2.0,19.0,200.0,0.224,0.315,0.404,0.719,63.0,71.0,6.4,5.6,1.0,1B,5.74,4.79,122.0
0,Logan O'Hoppe,LAA,24729,681351.0,25,484.0,443.0,311.0,133.0,0.27459999999999996,34.0,0.07058,2.0,6.0,0.35,0.118,0.068,0.253,0.279,0.251,0.031,109.0,65.0,20.0,1.0,23.0,199.0,0.246,0.307,0.451,0.758,54.0,62.0,5.9,2.8,3.0,C,5.73,4.52,108.0
0,Jake McCarthy,ARI,21622,664983.0,27,506.0,459.0,371.0,89.0,0.1757,36.0,0.07071079660116837,1.0,10.0,0.317,0.035,0.052,0.253,0.36,0.214,0.086,118.0,85.0,21.0,4.0,8.0,185.0,0.256,0.324,0.37,0.694,59.0,61.0,23.1,19.0,4.0,OF,5.71,5.15,112.0
0,Nolan Arenado,STL,9777,571448.0,33,620.0,567.0,467.0,102.0,0.16398000000000001,47.0,0.07628867567877193,1.0,4.0,0.318,0.051,0.056,0.266,0.29,0.297,0.04,148.0,102.0,28.0,2.0,17.0,231.0,0.262,0.322,0.406,0.728,73.0,80.0,5.3,3.0,2.0,3B,5.65,5.42,138.0
0,Carlos Correa,MIN,14162,621043.0,30,533.0,471.0,366.0,107.0,0.2011,56.0,0.10590810831196258,2.0,4.0,0.336,0.091,0.071,0.226,0.343,0.232,0.036,123.0,76.0,26.0,2.0,19.0,211.0,0.261,0.343,0.444,0.787,73.0,63.0,2.6,2.1,1.0,SS,5.55,5.0,118.0
0,Eugenio Suarez,ARI,12552,553993.0,33,598.0,537.0,365.0,173.0,0.289888,50.0,0.0842857142857143,2.0,9.0,0.347,0.113,0.077,0.248,0.229,0.291,0.042,127.0,74.0,29.0,2.0,22.0,228.0,0.236,0.312,0.421,0.732,70.0,73.0,5.1,3.8,1.0,3B,5.46,5.33,133.0
0,Nathaniel Lowe,WSH,19566,663993.0,29,599.0,521.0,388.0,134.0,0.22410000000000002,73.0,0.12268125346337139,1.0,3.0,0.346,0.064,0.065,0.269,0.361,0.208,0.033,134.0,93.0,25.0,2.0,14.0,211.0,0.258,0.352,0.397,0.749,65.0,73.0,4.7,4.5,0.0,1B,5.45,4.63,133.0
0,Jake Cronenworth,SD,18036,630105.0,31,595.0,526.0,417.0,111.0,0.1863,56.0,0.09478048750909532,1.0,11.0,0.312,0.07,0.065,0.249,0.296,0.269,0.051,130.0,85.0,27.0,2.0,16.0,214.0,0.247,0.332,0.399,0.73,64.0,68.0,7.6,5.8,2.0,"1B, 2B",5.44,4.68,132.0
0,Austin Wells,NYY,27562,669224.0,25,476.0,421.0,323.0,99.0,0.20829999999999999,48.0,0.10148,1.0,5.0,0.306,0.096,0.07,0.235,0.261,0.287,0.05,99.0,56.0,22.0,1.0,20.0,184.0,0.235,0.32,0.432,0.752,59.0,60.0,5.6,3.9,2.0,C,5.43,4.32,106.0
0,Ryan Mountcastle,BAL,18373,663624.0,28,512.0,474.0,361.0,116.0,0.2254,34.0,0.06598908466150022,2.0,3.0,0.341,0.095,0.073,0.252,0.33,0.221,0.029,123.0,80.0,25.0,2.0,17.0,204.0,0.259,0.311,0.424,0.735,65.0,65.0,4.3,3.6,1.0,1B,5.36,4.63,114.0
0,Wilyer Abreu,BOS,23772,677800.0,25,458.0,412.0,289.0,125.0,0.2722,42.0,0.09265142857142857,1.0,2.0,0.36,0.102,0.073,0.246,0.256,0.298,0.025,104.0,58.0,28.0,1.0,17.0,190.0,0.252,0.324,0.448,0.773,58.0,58.0,10.3,8.0,2.0,OF,5.33,4.73,102.0
0,Alec Burleson,STL,27615,676475.0,26,478.0,443.0,378.0,66.0,0.1377,31.0,0.06476,1.0,3.0,0.313,0.066,0.071,0.258,0.307,0.26,0.038,119.0,79.0,24.0,2.0,14.0,192.0,0.268,0.32,0.423,0.743,59.0,62.0,9.3,6.9,2.0,OF,5.29,4.69,106.0
0,Joc Pederson,TEX,11899,592626.0,32,436.0,370.0,272.0,99.0,0.22815600000000003,55.0,0.12694355998692383,1.0,9.0,0.346,0.119,0.066,0.253,0.262,0.265,0.036,94.0,56.0,17.0,2.0,19.0,176.0,0.254,0.364,0.465,0.829,56.0,63.0,9.3,6.6,3.0,UT,5.24,4.82,97.0
0,Connor Norby,MIA,29592,681393.0,24,565.0,514.0,353.0,163.0,0.2892783505154639,43.0,0.07561119293078057,2.0,6.0,0.341,0.1,0.068,0.255,0.231,0.226,0.07,120.0,74.0,25.0,1.0,20.0,215.0,0.234,0.299,0.404,0.704,71.0,61.0,14.1,10.6,3.0,3B,5.2,5.37,126.0
0,Tyler O'Neill,BAL,15711,641933.0,29,473.0,415.0,278.0,139.0,0.293,49.0,0.10458156775565436,2.0,6.0,0.335,0.147,0.071,0.19,0.268,0.276,0.048,93.0,51.0,19.0,1.0,21.0,183.0,0.224,0.315,0.431,0.746,56.0,59.0,5.7,5.1,1.0,OF,5.16,4.52,105.0
0,Jeimer Candelario,CIN,13621,600869.0,31,493.0,449.0,335.0,115.0,0.2328,37.0,0.07437941014711948,1.0,7.0,0.327,0.081,0.063,0.224,0.315,0.265,0.051,109.0,65.0,25.0,2.0,18.0,196.0,0.244,0.31,0.428,0.737,61.0,61.0,9.2,6.8,2.0,"1B, 3B",5.13,4.55,110.0
0,Otto Lopez,MIA,19608,672640.0,26,458.0,427.0,347.0,81.0,0.1769,29.0,0.06301142857142857,1.0,2.0,0.34,0.055,0.051,0.271,0.401,0.181,0.042,118.0,83.0,23.0,2.0,11.0,186.0,0.276,0.323,0.413,0.736,48.0,47.0,18.5,14.3,4.0,2B,4.89,4.19,102.0
0,Jacob Young,WSH,29931,696285.0,25,496.0,453.0,356.0,97.0,0.19569999999999999,33.0,0.06616571428571429,1.0,10.0,0.304,0.024,0.047,0.256,0.389,0.18,0.104,108.0,81.0,20.0,1.0,6.0,170.0,0.24,0.305,0.329,0.635,55.0,47.0,32.5,26.7,6.0,OF,4.88,4.87,110.0
0,Trevor Story,BOS,12564,596115.0,32,497.0,451.0,299.0,153.0,0.307568,38.0,0.0766958811261731,1.0,6.0,0.338,0.097,0.062,0.235,0.276,0.294,0.036,101.0,61.0,24.0,1.0,15.0,183.0,0.224,0.293,0.384,0.677,59.0,60.0,18.3,14.0,4.0,SS,4.83,4.79,110.0
0,Josh Jung,TEX,26299,673962.0,27,519.0,484.0,339.0,146.0,0.2819,30.0,0.05689142857142857,1.0,4.0,0.359,0.105,0.064,0.266,0.279,0.242,0.044,122.0,76.0,22.0,2.0,21.0,213.0,0.252,0.299,0.439,0.738,65.0,68.0,7.2,4.1,3.0,3B,4.83,5.04,115.0
0,Michael Conforto,LAD,16376,624424.0,32,471.0,415.0,305.0,112.0,0.237736,46.0,0.09827869072472414,1.0,8.0,0.33,0.101,0.08,0.237,0.293,0.255,0.034,101.0,59.0,22.0,1.0,18.0,181.0,0.242,0.329,0.432,0.761,58.0,60.0,2.6,2.1,1.0,OF,4.72,4.22,105.0
0,Tyler Stephenson,CIN,17988,663886.0,28,470.0,419.0,307.0,113.0,0.23959999999999998,44.0,0.09384269102990034,1.0,6.0,0.346,0.085,0.07,0.256,0.344,0.216,0.03,106.0,67.0,22.0,1.0,16.0,179.0,0.254,0.333,0.426,0.759,55.0,62.0,2.8,1.6,1.0,C,4.61,3.83,104.0
0,Jackson Holliday,BAL,31781,702616.0,21,453.0,404.0,268.0,136.0,0.30128,46.0,0.10142857142857142,1.0,2.0,0.333,0.09,0.089,0.232,0.344,0.185,0.06,89.0,57.0,17.0,1.0,15.0,160.0,0.221,0.303,0.379,0.682,54.0,46.0,12.9,10.1,3.0,2B,4.61,3.83,101.0
0,Trevor Larnach,MIN,21501,663616.0,28,471.0,416.0,293.0,124.0,0.2639,49.0,0.10367240896358543,1.0,5.0,0.343,0.102,0.085,0.237,0.291,0.257,0.029,101.0,61.0,22.0,1.0,16.0,177.0,0.242,0.327,0.419,0.747,55.0,62.0,6.5,4.5,2.0,OF,4.6,4.19,105.0
0,Nolan Schanuel,LAA,33189,694384.0,23,554.0,479.0,387.0,93.0,0.16786,66.0,0.11929345640827373,1.0,8.0,0.321,0.045,0.043,0.3,0.347,0.226,0.039,124.0,92.0,19.0,2.0,12.0,190.0,0.259,0.358,0.38,0.738,60.0,59.0,11.9,10.1,2.0,1B,4.56,4.32,123.0
0,Luke Raley,SEA,19354,670042.0,30,458.0,406.0,272.0,135.0,0.2953,30.0,0.06542857142857143,1.0,21.0,0.325,0.11,0.07,0.203,0.322,0.238,0.057,88.0,50.0,19.0,1.0,18.0,172.0,0.218,0.304,0.407,0.711,54.0,58.0,11.3,9.1,2.0,"1B, OF",4.38,4.14,102.0
0,Nolan Jones,COL,20529,666134.0,26,483.0,424.0,283.0,142.0,0.2949,56.0,0.11519968099861305,1.0,2.0,0.371,0.097,0.056,0.252,0.325,0.211,0.059,105.0,65.0,22.0,2.0,15.0,182.0,0.247,0.336,0.416,0.752,53.0,54.0,9.9,7.6,2.0,OF,4.3,4.15,107.0
0,Spencer Horwitz,PIT,26477,687462.0,27,555.0,485.0,378.0,109.0,0.1961,59.0,0.10653369747899159,1.0,9.0,0.335,0.079,0.073,0.256,0.327,0.231,0.034,127.0,83.0,25.0,1.0,17.0,208.0,0.261,0.351,0.422,0.773,58.0,53.0,7.1,5.2,2.0,"1B, 2B",4.16,4.04,123.0
0,Francisco Alvarez,NYM,26121,682626.0,23,375.0,337.0,245.0,93.0,0.24880400000000003,33.0,0.08702857142857146,1.0,4.0,0.321,0.097,0.07,0.195,0.38,0.216,0.042,79.0,46.0,15.0,1.0,17.0,148.0,0.233,0.307,0.431,0.738,50.0,57.0,3.3,2.7,1.0,C,3.99,3.5,83.0
0,Keibert Ruiz,WSH,19610,660688.0,26,479.0,448.0,392.0,57.0,0.1187,23.0,0.04864061809250921,1.0,6.0,0.297,0.048,0.049,0.27,0.263,0.328,0.043,116.0,81.0,21.0,1.0,14.0,182.0,0.26,0.305,0.403,0.708,53.0,55.0,5.7,3.5,2.0,C,3.97,3.55,106.0
0,Joey Ortiz,MIL,25493,687401.0,26,558.0,495.0,380.0,116.0,0.20739999999999997,57.0,0.10148,1.0,5.0,0.305,0.054,0.052,0.244,0.351,0.245,0.054,116.0,77.0,22.0,3.0,13.0,193.0,0.234,0.319,0.372,0.691,61.0,61.0,20.1,14.6,5.0,3B,3.94,4.73,124.0
0,Gabriel Moreno,ARI,22664,672515.0,25,455.0,404.0,325.0,80.0,0.1754,46.0,0.10139027750635139,1.0,4.0,0.33,0.063,0.061,0.245,0.396,0.205,0.03,107.0,72.0,22.0,1.0,12.0,172.0,0.266,0.346,0.418,0.764,56.0,54.0,5.6,4.3,1.0,C,3.83,3.47,101.0
0,Max Muncy,LAD,13301,571970.0,34,524.0,439.0,300.0,140.0,0.267984,75.0,0.1440992136304063,2.0,8.0,0.316,0.12,0.089,0.222,0.217,0.323,0.028,95.0,51.0,21.0,2.0,21.0,183.0,0.216,0.34,0.417,0.758,62.0,66.0,3.1,1.7,1.0,SS,3.72,4.29,116.0
0,Isiah Kiner-Falefa,PIT,16512,643396.0,30,493.0,460.0,374.0,86.0,0.17529999999999998,25.0,0.05085714285714286,1.0,7.0,0.304,0.034,0.054,0.251,0.375,0.229,0.057,114.0,84.0,21.0,1.0,7.0,166.0,0.248,0.297,0.349,0.646,55.0,48.0,12.8,9.3,4.0,"2B, 3B, SS",3.72,3.31,110.0
0,Ha-Seong Kim,TB,27506,673490.0,29,436.0,381.0,301.0,81.0,0.1851,51.0,0.11664296141814388,1.0,3.0,0.297,0.052,0.054,0.245,0.3,0.291,0.058,89.0,60.0,17.0,1.0,11.0,156.0,0.235,0.329,0.369,0.698,50.0,47.0,24.2,19.9,4.0,SS,3.56,4.29,97.0
0,Ceddanne Rafaela,BOS,24262,678882.0,24,420.0,399.0,289.0,111.0,0.26303600000000005,16.0,0.037283506493506494,1.0,5.0,0.336,0.081,0.052,0.244,0.319,0.238,0.066,97.0,64.0,19.0,1.0,14.0,169.0,0.244,0.28,0.402,0.682,49.0,49.0,18.9,13.9,5.0,"SS, OF",3.43,4.1,93.0
0,Ivan Herrera,STL,20599,671056.0,24,367.0,326.0,248.0,79.0,0.21627199999999996,36.0,0.09878857142857143,1.0,4.0,0.376,0.091,0.068,0.282,0.34,0.176,0.043,93.0,61.0,18.0,1.0,13.0,158.0,0.286,0.363,0.467,0.829,47.0,45.0,7.8,6.6,1.0,C,3.28,3.31,82.0
0,Patrick Bailey,SF,27478,672275.0,25,439.0,401.0,295.0,107.0,0.243,36.0,0.08117428571428571,1.0,2.0,0.332,0.07,0.064,0.279,0.319,0.236,0.032,98.0,65.0,20.0,1.0,11.0,160.0,0.245,0.308,0.386,0.694,53.0,47.0,5.9,5.6,0.0,C,2.95,3.0,98.0
0,Evan Carter,TEX,27790,694497.0,22,459.0,380.0,259.0,121.0,0.26439999999999997,70.0,0.1533459855334539,1.0,8.0,0.326,0.079,0.069,0.254,0.307,0.237,0.054,85.0,52.0,17.0,2.0,13.0,151.0,0.223,0.355,0.383,0.738,48.0,48.0,11.7,8.5,3.0,OF,2.9,3.33,102.0
0,Ryan Jeffers,MIN,24618,680777.0,27,406.0,364.0,273.0,92.0,0.2278,33.0,0.08033607142857142,1.0,8.0,0.321,0.089,0.058,0.229,0.276,0.288,0.06,87.0,54.0,18.0,1.0,14.0,153.0,0.24,0.316,0.416,0.732,46.0,48.0,3.5,2.6,1.0,C,2.58,2.74,90.0
0,Giancarlo Stanton,NYY,4949,519317.0,35,363.0,328.0,216.0,113.0,0.3123,32.0,0.08787204642039882,1.0,2.0,0.329,0.174,0.065,0.185,0.292,0.243,0.04,71.0,36.0,14.0,1.0,21.0,149.0,0.217,0.288,0.452,0.74,46.0,47.0,1.2,0.9,0.0,UT,2.49,3.15,81.0
0,Heston Kjerstad,BAL,31166,677008.0,26,377.0,332.0,231.0,102.0,0.2704109589041096,34.0,0.08924938495946325,1.0,10.0,0.345,0.102,0.104,0.247,0.27,0.241,0.036,80.0,47.0,16.0,1.0,15.0,145.0,0.24,0.328,0.432,0.759,46.0,46.0,3.9,2.8,1.0,OF,2.48,3.04,84.0
0,Alejandro Kirk,TOR,22581,672386.0,26,415.0,370.0,316.0,54.0,0.13069999999999998,40.0,0.09611786421499294,1.0,4.0,0.313,0.065,0.064,0.252,0.359,0.216,0.045,99.0,69.0,19.0,1.0,11.0,153.0,0.268,0.345,0.412,0.757,46.0,48.0,2.1,1.7,0.0,C,2.28,2.58,92.0
0,Jose Caballero,TB,23401,676609.0,28,297.0,265.0,189.0,76.0,0.2569,22.0,0.07306153342070774,1.0,10.0,0.297,0.053,0.051,0.235,0.266,0.293,0.102,56.0,38.0,12.0,1.0,6.0,104.0,0.212,0.296,0.332,0.627,33.0,31.0,28.5,22.3,6.0,"2B, 3B, SS",2.26,2.83,66.0
0,Christian Encarnacion-Strand,CIN,30011,687952.0,25,382.0,355.0,251.0,104.0,0.2728,21.0,0.05468857142857142,1.0,6.0,0.347,0.095,0.07,0.266,0.259,0.257,0.053,87.0,52.0,18.0,1.0,16.0,157.0,0.246,0.298,0.439,0.736,48.0,49.0,1.4,1.4,0.0,1B,2.23,2.84,85.0
0,Kristian Campbell,BOS,sa3023011,692225.0,22,269.0,235.0,173.0,62.0,0.23155711775043936,27.0,0.10181270399196587,1.0,7.0,0.38,0.096,0.054,0.304,0.336,0.16,0.051,66.0,43.0,12.0,1.0,10.0,115.0,0.28,0.37,0.468,0.839,37.0,36.0,11.1,8.2,3.0,2B,2.2,2.56,60.0
0,Bo Naylor,CLE,21865,666310.0,25,397.0,357.0,247.0,111.0,0.27869999999999995,38.0,0.09484183475651972,1.0,2.0,0.304,0.078,0.063,0.225,0.258,0.335,0.042,75.0,46.0,16.0,1.0,12.0,135.0,0.21,0.288,0.366,0.654,43.0,44.0,9.4,7.0,2.0,C,1.97,2.44,88.0
0,Roman Anthony,BOS,sa3020211,701350.0,20,364.0,319.0,224.0,96.0,0.26351503394762366,42.0,0.11431065539697935,1.0,3.0,0.322,0.079,0.071,0.225,0.336,0.217,0.072,72.0,44.0,16.0,1.0,11.0,129.0,0.226,0.32,0.384,0.704,42.0,41.0,12.4,9.2,3.0,OF,1.84,2.8,81.0
0,Sean Murphy,ATL,19352,669221.0,30,360.0,314.0,232.0,83.0,0.22949999999999998,36.0,0.09971837606837607,1.0,9.0,0.322,0.118,0.054,0.214,0.333,0.236,0.046,75.0,45.0,15.0,1.0,14.0,134.0,0.238,0.333,0.425,0.757,44.0,43.0,1.6,1.3,0.0,C,1.81,2.28,80.0
0,Connor Wong,BOS,19896,657136.0,28,385.0,354.0,253.0,103.0,0.2663,23.0,0.06092126805778491,1.0,6.0,0.341,0.072,0.056,0.245,0.301,0.264,0.063,86.0,56.0,19.0,2.0,9.0,138.0,0.243,0.301,0.383,0.684,43.0,42.0,8.6,5.6,3.0,C,1.56,2.24,86.0
0,Danny Jansen,TB,16535,643376.0,29,366.0,320.0,249.0,73.0,0.1981,39.0,0.10670714285714285,1.0,6.0,0.285,0.078,0.065,0.203,0.247,0.364,0.044,71.0,41.0,15.0,1.0,14.0,131.0,0.221,0.317,0.405,0.722,41.0,44.0,1.6,1.3,0.0,C,1.51,2.09,81.0
0,Jonathan Aranda,TB,21837,666018.0,26,390.0,347.0,250.0,98.0,0.2528,37.0,0.09468735191637631,1.0,5.0,0.316,0.105,0.073,0.225,0.364,0.21,0.022,79.0,46.0,16.0,1.0,16.0,145.0,0.228,0.309,0.418,0.727,44.0,45.0,2.3,1.2,1.0,1B,1.48,2.41,87.0
0,Matt Vierling,DET,21558,663837.0,28,481.0,438.0,337.0,102.0,0.2132,37.0,0.07773165125667403,1.0,4.0,0.317,0.069,0.056,0.246,0.348,0.244,0.036,107.0,72.0,20.0,2.0,13.0,172.0,0.244,0.308,0.387,0.695,54.0,52.0,6.4,4.4,2.0,"3B, OF",1.45,3.14,107.0
0,Orelvis Martinez,TOR,25967,682619.0,23,216.0,193.0,137.0,57.0,0.26315094339622636,18.0,0.08268867924528302,1.0,4.0,0.333,0.105,0.075,0.226,0.277,0.269,0.049,46.0,26.0,10.0,0.0,9.0,85.0,0.236,0.313,0.435,0.747,26.0,26.0,0.9,0.8,0.0,,1.0,1.0,48.0
0,Mitch Haniger,SEA,14274,571745.0,34,340.0,308.0,209.0,99.0,0.29288400000000003,28.0,0.08171428571428571,1.0,3.0,0.323,0.092,0.076,0.239,0.302,0.256,0.035,68.0,43.0,13.0,1.0,11.0,117.0,0.22,0.29,0.376,0.666,36.0,38.0,1.3,1.2,0.0,OF,1.0,1.63,76.0
0,Miguel Vargas,CWS,20178,678246.0,25,422.0,370.0,278.0,93.0,0.2203,46.0,0.10881346448376024,1.0,5.0,0.261,0.056,0.059,0.197,0.274,0.372,0.042,73.0,46.0,16.0,1.0,10.0,126.0,0.196,0.293,0.326,0.619,49.0,49.0,12.8,9.3,4.0,"3B, OF",1.0,2.66,94.0
0,Mike Tauchman,CWS,15274,643565.0,34,391.0,335.0,252.0,84.0,0.215856,51.0,0.12964866844207723,1.0,4.0,0.331,0.069,0.054,0.27,0.314,0.26,0.033,83.0,57.0,16.0,1.0,10.0,135.0,0.249,0.353,0.387,0.74,48.0,34.0,8.7,6.9,2.0,OF,1.0,2.6,87.0
0,Anthony Rizzo,,,519203.0,35,314.0,276.0,212.0,65.0,0.2074046372475692,26.0,0.08329111051034636,1.0,11.0,0.289,0.07641921397379912,0.06550218340611354,0.2554585152838428,0.2685589519650655,0.3002183406113537,0.03384279475982533,61.0,39.0,11.0,0.0,11.0,105.0,0.222,0.313,0.381,0.694,32.0,31.0,2.5,1.2,1.0,1B,1.0,0.93,70.0
0,Mike Yastrzemski,SF,14854,573262.0,34,476.0,424.0,298.0,127.0,0.2669,45.0,0.09444448621553884,1.0,6.0,0.32,0.1,0.075,0.231,0.235,0.315,0.044,95.0,55.0,22.0,3.0,15.0,170.0,0.225,0.307,0.398,0.705,52.0,53.0,5.5,3.5,2.0,OF,1.0,3.45,106.0
0,Mitch Garver,SEA,15161,641598.0,34,312.0,270.0,181.0,90.0,0.287464,37.0,0.11933327796234772,1.0,4.0,0.302,0.095,0.071,0.21,0.262,0.34,0.022,55.0,32.0,11.0,1.0,11.0,100.0,0.203,0.306,0.367,0.674,32.0,32.0,1.3,1.0,0.0,C,1.0,0.92,69.0
0,Oswaldo Cabrera,NYY,21707,665828.0,26,356.0,327.0,255.0,73.0,0.20459999999999998,26.0,0.07354757839721256,1.0,1.0,0.298,0.044,0.058,0.255,0.334,0.271,0.038,76.0,53.0,14.0,1.0,8.0,120.0,0.232,0.291,0.354,0.645,41.0,37.0,8.6,6.6,2.0,3B,1.0,1.82,79.0
0,Nick Fortes,MIA,21538,663743.0,28,345.0,323.0,270.0,53.0,0.1535,15.0,0.04485714285714286,1.0,6.0,0.274,0.031,0.044,0.225,0.34,0.281,0.079,74.0,54.0,14.0,1.0,5.0,106.0,0.23,0.278,0.326,0.604,34.0,30.0,2.7,1.6,1.0,C,1.0,0.55,77.0
0,Andy Pages,LAD,24816,681624.0,24,288.0,261.0,194.0,69.0,0.23828400000000002,19.0,0.06758857142857144,1.0,6.0,0.357,0.113,0.063,0.264,0.228,0.285,0.046,69.0,40.0,14.0,1.0,14.0,129.0,0.264,0.329,0.488,0.817,29.0,30.0,3.4,2.3,1.0,OF,1.0,1.75,64.0
0,Nick Yorke,PIT,27504,694377.0,22,202.0,183.0,135.0,49.0,0.24013766730401528,16.0,0.0796476372575799,1.0,2.0,0.344,0.068,0.081,0.276,0.334,0.211,0.029,47.0,31.0,9.0,1.0,6.0,78.0,0.254,0.321,0.403,0.724,23.0,22.0,6.8,5.3,1.0,,1.0,1.0,45.0
0,Noelvi Marte,CIN,26517,682622.0,23,185.0,173.0,126.0,47.0,0.254432,10.0,0.05372857142857144,0.0,2.0,0.347,0.078,0.056,0.247,0.371,0.206,0.042,44.0,29.0,8.0,0.0,7.0,78.0,0.253,0.3,0.42,0.72,22.0,22.0,8.3,6.7,2.0,,1.0,1.0,41.0
0,Oswald Peraza,NYY,22823,672724.0,24,194.0,172.0,128.0,45.0,0.22946399999999997,16.0,0.08006857142857143,0.0,6.0,0.306,0.058,0.042,0.228,0.415,0.198,0.06,39.0,26.0,8.0,0.0,5.0,67.0,0.227,0.313,0.36,0.673,22.0,21.0,9.2,7.2,2.0,,1.0,1.0,43.0
0,Oscar Colas,CWS,30162,693049.0,26,176.0,164.0,119.0,46.0,0.26,10.0,0.05828455149501661,0.0,1.0,0.323,0.072,0.057,0.246,0.35,0.223,0.053,38.0,26.0,7.0,0.0,5.0,62.0,0.233,0.283,0.374,0.657,19.0,19.0,5.4,3.3,2.0,,1.0,1.0,39.0
0,Nolan Gorman,STL,22263,669357.0,24,438.0,392.0,248.0,146.0,0.332628,42.0,0.09671353018805674,2.0,2.0,0.367,0.167,0.06,0.226,0.236,0.27,0.041,91.0,47.0,19.0,1.0,24.0,188.0,0.232,0.309,0.469,0.778,54.0,58.0,7.4,5.9,2.0,2B,1.0,4.9,97.0
0,Oliver Dunn,MIL,26295,686554.0,27,282.0,260.0,171.0,90.0,0.31846153846153846,18.0,0.0643956043956044,1.0,3.0,0.338,0.084,0.052,0.272,0.34,0.188,0.064,58.0,38.0,10.0,1.0,9.0,104.0,0.222,0.279,0.371,0.65,36.0,31.0,12.2,9.9,2.0,3B,1.0,1.77,63.0
0,Orlando Arcia,ATL,13185,606115.0,30,506.0,466.0,363.0,104.0,0.2059,37.0,0.07273936438011329,1.0,2.0,0.299,0.062,0.06,0.207,0.393,0.241,0.037,108.0,74.0,20.0,1.0,14.0,176.0,0.233,0.292,0.37,0.662,59.0,58.0,3.5,3.3,0.0,SS,1.0,3.59,112.0
0,Andy Ibanez,DET,18819,628451.0,31,205.0,190.0,148.0,43.0,0.2091,13.0,0.06542857142857143,0.0,1.0,0.32,0.07,0.055,0.27,0.277,0.3,0.028,47.0,32.0,10.0,1.0,5.0,74.0,0.248,0.301,0.382,0.683,23.0,22.0,4.4,2.9,2.0,,1.0,1.0,46.0
0,Nick Gonzales,PIT,27490,693304.0,25,462.0,429.0,331.0,99.0,0.2146,25.0,0.053263453536754504,1.0,8.0,0.324,0.072,0.046,0.255,0.336,0.241,0.05,107.0,69.0,23.0,2.0,13.0,174.0,0.25,0.302,0.403,0.705,52.0,53.0,13.1,7.3,6.0,2B,1.0,3.8,103.0
0,Chris Taylor,LAD,13757,621035.0,34,269.0,239.0,151.0,88.0,0.326268,27.0,0.10017380952380953,1.0,3.0,0.336,0.083,0.063,0.244,0.267,0.279,0.065,51.0,32.0,11.0,1.0,7.0,88.0,0.213,0.3,0.357,0.658,29.0,28.0,4.1,3.3,1.0,"2B, 3B, OF",1.0,0.8,60.0
0,Paul DeJong,WSH,18015,657557.0,31,332.0,308.0,207.0,101.0,0.30579999999999996,18.0,0.05342857142857142,1.0,6.0,0.327,0.09,0.073,0.247,0.234,0.297,0.06,68.0,41.0,13.0,1.0,12.0,120.0,0.22,0.274,0.389,0.663,36.0,36.0,4.4,2.4,2.0,"3B, SS",1.0,1.42,74.0
0,Pavin Smith,ARI,19892,656976.0,29,325.0,285.0,216.0,70.0,0.2168,37.0,0.11514285714285716,1.0,1.0,0.337,0.112,0.051,0.242,0.316,0.244,0.036,73.0,43.0,15.0,2.0,13.0,131.0,0.255,0.343,0.454,0.797,40.0,40.0,3.7,2.8,1.0,OF,1.0,2.49,72.0
0,Tirso Ornelas,SD,sa3004048,672359.0,25,309.0,281.0,218.0,64.0,0.20625454545454544,25.0,0.08155844155844155,1.0,2.0,0.303,0.069,0.061,0.24,0.332,0.248,0.049,66.0,43.0,13.0,1.0,10.0,111.0,0.235,0.303,0.39,0.692,37.0,32.0,4.9,3.3,2.0,OF,1.0,1.64,69.0
0,Tom Murphy,SF,13499,608596.0,33,151.0,139.0,98.0,41.0,0.271156462585034,11.0,0.07224489795918367,0.0,1.0,0.346,0.108,0.057,0.245,0.304,0.251,0.034,34.0,21.0,7.0,0.0,5.0,58.0,0.245,0.304,0.416,0.72,17.0,17.0,0.6,0.5,0.0,,1.0,1.0,34.0
0,Tommy Pham,PIT,2967,502054.0,37,476.0,433.0,322.0,112.0,0.234884,38.0,0.0804463503649635,1.0,3.0,0.326,0.083,0.072,0.256,0.338,0.221,0.029,105.0,70.0,22.0,2.0,11.0,170.0,0.243,0.308,0.381,0.689,58.0,42.0,9.2,7.1,2.0,OF,1.0,3.32,106.0
0,Travis d'Arnaud,LAA,7739,518595.0,36,264.0,242.0,177.0,66.0,0.25114400000000003,16.0,0.06080000000000001,1.0,4.0,0.326,0.096,0.079,0.224,0.347,0.22,0.033,58.0,35.0,12.0,1.0,10.0,102.0,0.238,0.296,0.415,0.712,32.0,32.0,1.3,1.1,0.0,C,1.0,1.04,59.0
0,Trent Grisham,NYY,18564,663757.0,28,220.0,192.0,132.0,60.0,0.2721,26.0,0.1167745325355273,1.0,2.0,0.304,0.113,0.071,0.202,0.262,0.286,0.067,40.0,22.0,9.0,1.0,9.0,79.0,0.21,0.31,0.398,0.708,26.0,25.0,4.5,3.7,1.0,,1.0,1.0,49.0
0,Trey Sweeney,DET,29575,700242.0,24,296.0,272.0,197.0,76.0,0.25675070028011204,19.0,0.06504201680672268,1.0,4.0,0.319,0.079,0.066,0.253,0.337,0.231,0.034,63.0,40.0,12.0,1.0,9.0,110.0,0.231,0.29,0.387,0.677,39.0,32.0,8.9,7.0,2.0,SS,1.0,1.83,66.0
0,Ty France,MIN,17982,664034.0,30,414.0,367.0,287.0,82.0,0.1976,30.0,0.07142857142857144,1.0,16.0,0.331,0.072,0.059,0.252,0.315,0.258,0.044,95.0,63.0,20.0,1.0,12.0,153.0,0.258,0.339,0.412,0.751,48.0,47.0,3.7,2.4,1.0,1B,1.0,2.59,92.0
0,Tyler Black,MIL,29949,672012.0,24,252.0,220.0,152.0,69.0,0.2723976608187134,26.0,0.10160401002506265,1.0,6.0,0.307,0.073,0.054,0.248,0.32,0.256,0.049,47.0,30.0,8.0,1.0,7.0,84.0,0.212,0.311,0.355,0.666,25.0,24.0,8.5,7.0,1.0,UT,1.0,0.78,56.0
0,Tyler Freeman,CLE,22532,671289.0,25,176.0,156.0,129.0,28.0,0.1563,12.0,0.07082544723878662,0.0,7.0,0.28,0.04,0.066,0.225,0.336,0.259,0.074,36.0,25.0,7.0,0.0,3.0,59.0,0.231,0.317,0.349,0.667,21.0,20.0,6.3,5.2,1.0,,1.0,1.0,39.0
0,Tyrone Taylor,NYM,13675,621438.0,31,299.0,277.0,208.0,70.0,0.23259999999999997,16.0,0.05449693877551021,1.0,5.0,0.315,0.071,0.077,0.237,0.261,0.293,0.061,66.0,41.0,14.0,1.0,9.0,116.0,0.237,0.291,0.397,0.687,39.0,38.0,8.1,7.2,1.0,OF,1.0,2.27,66.0
0,Victor Caratini,HOU,14968,605170.0,31,220.0,196.0,152.0,44.0,0.2012,19.0,0.08729285714285713,0.0,4.0,0.315,0.059,0.057,0.271,0.36,0.233,0.021,48.0,34.0,8.0,1.0,6.0,74.0,0.245,0.325,0.379,0.704,23.0,23.0,1.5,0.7,1.0,,1.0,1.0,49.0
0,Victor Scott II,STL,31349,687363.0,24,256.0,237.0,172.0,66.0,0.2578494623655914,14.0,0.053548387096774196,1.0,4.0,0.284,0.067,0.066,0.188,0.352,0.252,0.075,49.0,32.0,10.0,1.0,7.0,90.0,0.206,0.261,0.336,0.597,29.0,27.0,15.0,12.7,2.0,OF,1.0,1.72,57.0
0,Wenceel Perez,DET,22857,672761.0,25,343.0,315.0,242.0,74.0,0.21599999999999997,27.0,0.07764285714285714,1.0,1.0,0.304,0.05,0.064,0.263,0.277,0.307,0.039,73.0,50.0,15.0,1.0,7.0,119.0,0.233,0.294,0.358,0.652,35.0,31.0,10.5,8.1,2.0,OF,1.0,1.7,76.0
0,Whit Merrifield,,,593160.0,36,196.0,180.0,146.0,34.0,0.17356033898305084,14.0,0.07338870409114773,0.0,1.0,0.33,0.031194295900178252,0.05614973262032086,0.2540106951871658,0.3074866310160428,0.3003565062388592,0.05080213903743316,48.0,34.0,10.0,1.0,4.0,75.0,0.268,0.325,0.393,0.718,23.0,22.0,9.4,6.9,2.0,,1.0,1.0,44.0
0,Will Benson,CIN,21853,666181.0,26,202.0,178.0,108.0,70.0,0.3498,22.0,0.10672571428571428,0.0,2.0,0.347,0.106,0.062,0.245,0.266,0.279,0.041,38.0,21.0,8.0,1.0,7.0,77.0,0.211,0.3,0.389,0.689,25.0,22.0,12.4,10.0,2.0,,1.0,1.0,45.0
0,Will Brennan,CLE,25660,686823.0,27,272.0,252.0,215.0,38.0,0.1398,15.0,0.05688287128712871,0.0,3.0,0.314,0.044,0.043,0.278,0.324,0.254,0.056,68.0,48.0,12.0,1.0,6.0,104.0,0.268,0.318,0.396,0.714,31.0,32.0,7.6,5.9,2.0,OF,1.0,1.54,60.0
0,Will Wagner,TOR,29634,695238.0,26,338.0,314.0,254.0,61.0,0.18,20.0,0.05800664451827243,1.0,4.0,0.299,0.061,0.045,0.244,0.347,0.251,0.051,76.0,51.0,15.0,1.0,9.0,123.0,0.242,0.294,0.386,0.68,40.0,38.0,3.4,2.6,1.0,2B,1.0,1.93,75.0
0,Agustin Ramirez,MIA,sa3009276,682663.0,23,244.0,219.0,169.0,51.0,0.2094230769230769,21.0,0.08684065934065933,1.0,2.0,0.309,0.069,0.047,0.23,0.36,0.24,0.054,52.0,34.0,10.0,1.0,7.0,90.0,0.238,0.311,0.387,0.698,28.0,27.0,8.1,6.8,1.0,,1.0,1.0,54.0
0,Wilmer Flores,SF,5827,527038.0,33,354.0,316.0,263.0,54.0,0.153816,32.0,0.08966231527093596,1.0,5.0,0.303,0.07,0.061,0.232,0.253,0.337,0.047,80.0,51.0,17.0,1.0,11.0,132.0,0.252,0.328,0.415,0.743,40.0,39.0,1.6,1.2,0.0,1B,1.0,1.73,79.0
0,Yasmani Grandal,,,518735.0,36,183.0,164.0,125.0,39.0,0.21236399217221136,18.0,0.09616580830201182,0.0,1.0,0.362,0.05982905982905983,0.05698005698005698,0.245014245014245,0.34615384615384615,0.25925925925925924,0.03276353276353276,45.0,29.0,10.0,0.0,6.0,74.0,0.277,0.351,0.453,0.804,21.0,21.0,0.2,0.2,0.0,,1.0,1.0,41.0
0,Yoan Moncada,LAA,17232,660162.0,29,463.0,425.0,296.0,131.0,0.2822,31.0,0.06714285714285714,1.0,5.0,0.344,0.093,0.074,0.257,0.31,0.236,0.03,102.0,63.0,23.0,1.0,14.0,175.0,0.24,0.299,0.401,0.7,55.0,58.0,7.3,5.8,1.0,3B,1.0,3.67,103.0
0,Adam Frazier,PIT,15223,624428.0,33,250.0,228.0,185.0,43.0,0.17314400000000002,19.0,0.074,0.0,3.0,0.301,0.038,0.046,0.27,0.297,0.296,0.053,56.0,40.0,11.0,1.0,4.0,83.0,0.244,0.31,0.356,0.666,25.0,24.0,2.7,2.1,1.0,,1.0,1.0,56.0
0,Zach McKinstry,DET,19392,656716.0,29,227.0,206.0,158.0,49.0,0.216,18.0,0.08,1.0,2.0,0.305,0.061,0.068,0.267,0.257,0.303,0.043,48.0,32.0,9.0,2.0,5.0,83.0,0.234,0.301,0.371,0.672,25.0,23.0,9.4,7.7,2.0,,1.0,1.0,50.0
0,Thomas Saggese,STL,27883,695336.0,22,223.0,207.0,150.0,57.0,0.2569230769230769,12.0,0.05340659340659341,1.0,4.0,0.317,0.068,0.06,0.257,0.287,0.284,0.043,48.0,32.0,9.0,1.0,6.0,79.0,0.23,0.284,0.37,0.653,24.0,24.0,3.7,2.9,1.0,,1.0,1.0,50.0
0,Alek Thomas,ARI,23792,677950.0,24,305.0,283.0,223.0,61.0,0.200436,18.0,0.05902657708628005,1.0,3.0,0.306,0.053,0.067,0.24,0.437,0.162,0.041,68.0,46.0,14.0,2.0,7.0,115.0,0.241,0.292,0.376,0.668,36.0,36.0,10.4,9.1,1.0,OF,1.0,2.1,68.0
0,Taylor Walls,TB,22458,670764.0,28,224.0,197.0,139.0,58.0,0.25970000000000004,26.0,0.11514285714285714,0.0,1.0,0.272,0.04,0.056,0.224,0.293,0.346,0.04,38.0,26.0,8.0,0.0,4.0,68.0,0.192,0.287,0.296,0.583,23.0,20.0,13.2,11.4,2.0,,1.0,1.0,50.0
0,Alex Verdugo,,,657077.0,28,415.0,381.0,317.0,65.0,0.15588058095750404,31.0,0.07355403225304791,1.0,3.0,0.287,0.05609418282548476,0.06717451523545706,0.26038781163434904,0.35318559556786705,0.2347645429362881,0.028393351800554016,91.0,61.0,20.0,2.0,8.0,140.0,0.239,0.299,0.366,0.665,43.0,42.0,3.7,2.3,1.0,OF,1.0,1.95,92.0
0,Pedro Pages,STL,25782,686780.0,26,208.0,188.0,135.0,54.0,0.2584,17.0,0.08137142857142858,0.0,2.0,0.314,0.053,0.078,0.242,0.34,0.261,0.027,42.0,30.0,8.0,1.0,4.0,67.0,0.225,0.297,0.344,0.641,22.0,22.0,2.0,1.9,0.0,,1.0,1.0,46.0
0,Andrew McCutchen,PIT,9847,457705.0,38,458.0,396.0,284.0,113.0,0.2476,56.0,0.12159679005205319,1.0,5.0,0.315,0.099,0.063,0.219,0.319,0.26,0.039,90.0,55.0,19.0,1.0,14.0,156.0,0.226,0.328,0.388,0.716,49.0,54.0,4.3,3.0,1.0,UT,1.0,3.09,102.0
0,Andrew Benintendi,CWS,17901,643217.0,30,476.0,433.0,353.0,81.0,0.171,40.0,0.08372986501687288,1.0,2.0,0.314,0.055,0.064,0.26,0.291,0.293,0.038,111.0,77.0,22.0,2.0,10.0,169.0,0.256,0.32,0.383,0.703,55.0,53.0,5.8,4.7,1.0,OF,1.0,3.47,106.0
0,Ramon Laureano,BAL,17128,657656.0,30,250.0,228.0,156.0,73.0,0.2899,16.0,0.06285714285714286,1.0,6.0,0.347,0.109,0.06,0.254,0.296,0.241,0.04,54.0,33.0,11.0,1.0,8.0,96.0,0.238,0.303,0.403,0.706,29.0,28.0,5.9,5.0,1.0,,1.0,1.0,56.0
0,Ramon Urias,BAL,18795,602104.0,30,275.0,250.0,190.0,60.0,0.21839999999999998,21.0,0.07485714285714286,1.0,4.0,0.322,0.08,0.05,0.247,0.34,0.253,0.029,61.0,41.0,12.0,1.0,7.0,98.0,0.246,0.313,0.387,0.7,30.0,29.0,2.2,1.6,1.0,3B,1.0,0.6,61.0
0,Randal Grichuk,ARI,10243,545341.0,33,270.0,249.0,195.0,54.0,0.20178000000000001,17.0,0.06379285714285715,1.0,3.0,0.338,0.09,0.077,0.243,0.273,0.277,0.041,66.0,40.0,15.0,2.0,10.0,113.0,0.265,0.319,0.454,0.773,35.0,35.0,1.1,0.6,0.0,OF,1.0,1.66,60.0
0,Richie Palacios,TB,24589,680700.0,27,315.0,277.0,218.0,59.0,0.1883,34.0,0.10834137388926862,1.0,3.0,0.294,0.044,0.056,0.26,0.347,0.255,0.037,64.0,44.0,13.0,1.0,7.0,106.0,0.232,0.323,0.355,0.678,35.0,33.0,14.8,11.4,3.0,"2B, OF",1.0,2.09,70.0
0,Amed Rosario,WSH,15518,642708.0,29,230.0,218.0,173.0,45.0,0.1977,10.0,0.04314285714285714,0.0,2.0,0.328,0.046,0.051,0.267,0.376,0.212,0.047,57.0,41.0,10.0,1.0,4.0,89.0,0.26,0.297,0.378,0.675,26.0,25.0,9.9,8.1,2.0,,1.0,1.0,51.0
0,Rob Refsnyder,BOS,13770,608701.0,34,232.0,204.0,149.0,56.0,0.23875200000000002,24.0,0.10223441558441557,1.0,4.0,0.359,0.081,0.056,0.277,0.314,0.224,0.049,53.0,37.0,10.0,1.0,6.0,84.0,0.262,0.351,0.405,0.756,27.0,26.0,2.9,2.0,1.0,,1.0,1.0,52.0
0,Robbie Grossman,,,543257.0,35,167.0,145.0,105.0,41.0,0.2447561403508772,20.0,0.1186390977443609,0.0,2.0,0.311,0.047075606276747506,0.06276747503566334,0.2624821683309558,0.25677603423680456,0.35235378031383735,0.018544935805991442,33.0,22.0,8.0,0.0,3.0,51.0,0.224,0.323,0.34,0.664,15.0,15.0,2.9,2.2,1.0,,1.0,1.0,37.0
0,Ryan Bliss,SEA,29547,669208.0,25,254.0,231.0,161.0,71.0,0.2785915492957746,18.0,0.07167002012072435,1.0,4.0,0.325,0.078,0.077,0.24,0.337,0.232,0.035,52.0,34.0,10.0,1.0,8.0,100.0,0.226,0.292,0.379,0.671,32.0,31.0,23.3,18.1,5.0,2B,1.0,2.7,56.0
0,Stuart Fairchild,CIN,20321,656413.0,29,231.0,205.0,145.0,61.0,0.2632,19.0,0.08342857142857144,1.0,7.0,0.316,0.079,0.068,0.217,0.264,0.286,0.085,46.0,27.0,10.0,1.0,8.0,89.0,0.223,0.309,0.391,0.7,27.0,26.0,13.0,10.8,2.0,,1.0,1.0,51.0
0,Ryan O'Hearn,BAL,16442,656811.0,31,395.0,358.0,291.0,69.0,0.1747,33.0,0.08241599270798806,1.0,3.0,0.323,0.078,0.082,0.236,0.323,0.253,0.028,94.0,62.0,18.0,2.0,13.0,155.0,0.262,0.327,0.427,0.754,48.0,49.0,3.8,3.1,1.0,"1B, OF",1.0,2.89,88.0
0,Sal Frelick,MIL,29622,686217.0,24,437.0,393.0,324.0,69.0,0.158864,40.0,0.09165714285714285,1.0,3.0,0.297,0.024,0.041,0.253,0.385,0.227,0.071,96.0,72.0,17.0,2.0,6.0,147.0,0.245,0.319,0.344,0.663,46.0,44.0,20.0,15.9,4.0,OF,1.0,3.39,97.0
0,Sam Hilliard,COL,17954,656541.0,31,218.0,196.0,128.0,68.0,0.3128,21.0,0.09839939467312349,1.0,1.0,0.345,0.116,0.06,0.227,0.295,0.266,0.035,44.0,26.0,9.0,1.0,9.0,86.0,0.226,0.303,0.416,0.719,25.0,25.0,8.6,6.5,2.0,,1.0,1.0,48.0
0,Santiago Espinal,CIN,19997,669289.0,30,225.0,207.0,174.0,33.0,0.14760000000000004,16.0,0.07097558139534885,0.0,1.0,0.311,0.027,0.049,0.279,0.317,0.287,0.041,54.0,39.0,10.0,0.0,4.0,83.0,0.261,0.318,0.374,0.692,25.0,24.0,7.5,6.3,1.0,,1.0,1.0,50.0
0,Miguel Amaya,CHC,21693,665804.0,26,324.0,292.0,228.0,64.0,0.1985,23.0,0.07088,1.0,9.0,0.303,0.063,0.067,0.244,0.297,0.268,0.06,69.0,46.0,13.0,1.0,9.0,113.0,0.237,0.312,0.384,0.696,37.0,33.0,1.4,1.3,0.0,C,1.0,1.13,72.0
0,Sean Bouchard,COL,21270,656248.0,28,166.0,148.0,102.0,46.0,0.27933774834437086,15.0,0.09197729422894986,0.0,2.0,0.35,0.068,0.087,0.272,0.299,0.235,0.039,36.0,23.0,8.0,1.0,5.0,61.0,0.241,0.321,0.394,0.715,19.0,18.0,4.7,3.8,1.0,,1.0,1.0,37.0
0,Seth Brown,OAK,18171,664913.0,32,335.0,307.0,217.0,92.0,0.273648,25.0,0.07389972456849063,1.0,2.0,0.323,0.094,0.074,0.242,0.257,0.29,0.042,70.0,42.0,16.0,2.0,11.0,126.0,0.228,0.288,0.4,0.689,37.0,39.0,5.4,4.1,1.0,"1B, OF",1.0,1.75,74.0
0,Alex Call,WSH,19296,669743.0,30,236.0,206.0,163.0,44.0,0.1844,26.0,0.11171428571428572,0.0,4.0,0.29,0.051,0.056,0.226,0.29,0.32,0.057,47.0,32.0,9.0,1.0,5.0,78.0,0.229,0.327,0.357,0.684,25.0,23.0,8.7,6.6,2.0,,1.0,1.0,52.0
0,Spencer Torkelson,DET,27465,679529.0,25,279.0,249.0,178.0,72.0,0.2571,26.0,0.09312279678068411,1.0,3.0,0.305,0.099,0.061,0.218,0.275,0.319,0.028,54.0,32.0,12.0,1.0,9.0,98.0,0.218,0.299,0.385,0.684,33.0,32.0,2.0,1.9,0.0,1B,1.0,0.9,62.0
0,Starling Marte,NYM,9241,516782.0,36,293.0,266.0,201.0,66.0,0.225512,20.0,0.0668511332127788,1.0,6.0,0.335,0.068,0.067,0.255,0.386,0.166,0.059,67.0,47.0,12.0,1.0,7.0,110.0,0.253,0.318,0.386,0.705,36.0,35.0,10.8,8.8,2.0,OF,1.0,2.13,65.0
0,Miguel Andujar,OAK,15878,609280.0,30,324.0,307.0,259.0,48.0,0.1486,16.0,0.04914285714285714,1.0,1.0,0.309,0.047,0.041,0.248,0.368,0.252,0.044,80.0,57.0,15.0,1.0,7.0,120.0,0.261,0.3,0.384,0.683,40.0,39.0,4.6,3.4,1.0,OF,1.0,1.9,72.0
0,Blake Perkins,MIL,19921,663368.0,28,247.0,220.0,158.0,62.0,0.2524,26.0,0.10418156146179403,0.0,1.0,0.304,0.048,0.059,0.228,0.331,0.273,0.06,48.0,34.0,9.0,1.0,5.0,80.0,0.218,0.303,0.335,0.638,26.0,24.0,11.4,9.1,2.0,,1.0,1.0,55.0
0,Mickey Moniak,LAA,19956,666160.0,26,311.0,291.0,201.0,91.0,0.29259999999999997,16.0,0.05243357432041642,1.0,3.0,0.329,0.099,0.051,0.234,0.24,0.322,0.055,66.0,39.0,14.0,1.0,12.0,123.0,0.227,0.274,0.404,0.678,37.0,37.0,10.4,7.7,3.0,OF,1.0,2.48,69.0
0,Ernie Clement,TOR,20352,676391.0,29,320.0,304.0,270.0,35.0,0.1081,13.0,0.0409952380952381,1.0,3.0,0.294,0.043,0.046,0.252,0.297,0.305,0.057,79.0,57.0,14.0,1.0,7.0,125.0,0.262,0.298,0.387,0.685,38.0,37.0,10.2,8.6,2.0,"3B, SS",1.0,2.01,71.0
0,Carlos Narvaez,BOS,19722,665966.0,26,190.0,167.0,112.0,55.0,0.28861313868613137,20.0,0.10527632950990615,0.0,3.0,0.334,0.074,0.061,0.251,0.313,0.264,0.038,37.0,24.0,7.0,0.0,5.0,63.0,0.224,0.32,0.368,0.688,20.0,20.0,3.7,2.9,1.0,,1.0,1.0,42.0
0,Caleb Durbin,MIL,sa3017183,702332.0,25,249.0,218.0,189.0,30.0,0.12055667144906741,21.0,0.08429186308669809,1.0,9.0,0.289,0.057,0.054,0.23,0.308,0.287,0.064,55.0,37.0,10.0,1.0,7.0,96.0,0.25,0.341,0.393,0.734,31.0,30.0,15.0,12.6,2.0,,1.0,1.0,55.0
0,Freddy Fermin,KC,21840,666023.0,29,283.0,263.0,208.0,56.0,0.196,18.0,0.06217949538024165,1.0,2.0,0.319,0.053,0.045,0.264,0.339,0.244,0.055,66.0,48.0,12.0,1.0,6.0,100.0,0.252,0.303,0.371,0.674,31.0,30.0,2.2,2.1,0.0,C,1.0,0.7,63.0
0,Gabriel Arias,CLE,22563,672356.0,25,184.0,168.0,111.0,58.0,0.31479999999999997,14.0,0.07764285714285714,0.0,1.0,0.325,0.088,0.062,0.236,0.383,0.182,0.05,36.0,22.0,8.0,0.0,5.0,66.0,0.214,0.278,0.361,0.639,22.0,22.0,8.2,6.5,2.0,,1.0,1.0,41.0
0,Gary Sanchez,BAL,11442,596142.0,32,248.0,222.0,157.0,66.0,0.26674,21.0,0.08514285714285713,1.0,4.0,0.31,0.114,0.066,0.211,0.29,0.281,0.037,49.0,29.0,10.0,1.0,9.0,87.0,0.219,0.296,0.39,0.686,28.0,28.0,1.0,0.9,0.0,,1.0,1.0,55.0
0,Gavin Lux,CIN,19955,666158.0,27,550.0,495.0,375.0,121.0,0.22060000000000002,52.0,0.09448571428571428,1.0,2.0,0.338,0.059,0.064,0.259,0.364,0.22,0.035,127.0,85.0,24.0,4.0,15.0,206.0,0.256,0.328,0.407,0.735,56.0,57.0,9.4,7.2,2.0,2B,1.0,4.38,122.0
0,Geraldo Perdomo,ARI,22799,672695.0,25,512.0,451.0,366.0,86.0,0.1671,55.0,0.10827651998058566,1.0,5.0,0.284,0.032,0.043,0.237,0.297,0.318,0.073,104.0,73.0,21.0,2.0,8.0,160.0,0.23,0.321,0.338,0.66,57.0,48.0,12.2,9.8,2.0,SS,1.0,3.23,114.0
0,Gio Urshela,OAK,10681,570482.0,33,375.0,350.0,287.0,64.0,0.170388,23.0,0.062024248393116314,1.0,1.0,0.329,0.053,0.054,0.267,0.359,0.229,0.038,94.0,68.0,18.0,2.0,8.0,138.0,0.27,0.316,0.394,0.71,42.0,41.0,1.7,1.1,1.0,3B,1.0,1.69,83.0
0,Griffin Conine,MIA,21626,665052.0,27,324.0,296.0,206.0,91.0,0.281123595505618,23.0,0.06995184590690208,1.0,4.0,0.338,0.094,0.072,0.244,0.327,0.229,0.034,70.0,42.0,14.0,1.0,12.0,122.0,0.235,0.298,0.409,0.707,36.0,36.0,1.3,1.0,0.0,OF,1.0,1.76,72.0
0,Harrison Bader,MIN,18030,664056.0,30,332.0,308.0,242.0,67.0,0.20170000000000002,19.0,0.056753164441192605,1.0,5.0,0.322,0.064,0.056,0.235,0.319,0.283,0.044,78.0,52.0,15.0,2.0,9.0,133.0,0.253,0.305,0.403,0.708,41.0,40.0,15.9,12.4,3.0,OF,1.0,3.02,74.0
0,Hunter Renfroe,KC,15464,592669.0,33,382.0,348.0,265.0,84.0,0.218524,32.0,0.08257142857142857,1.0,2.0,0.303,0.067,0.065,0.224,0.296,0.304,0.043,80.0,53.0,17.0,1.0,10.0,130.0,0.231,0.298,0.373,0.671,39.0,41.0,2.7,1.5,1.0,OF,1.0,1.9,85.0
0,J.D. Martinez,,,502110.0,37,391.0,355.0,242.0,114.0,0.29172413793103447,32.0,0.0814857019788727,1.0,3.0,0.355,0.14621676891615543,0.08282208588957055,0.24130879345603273,0.26789366053169733,0.23415132924335377,0.027607361963190184,86.0,50.0,20.0,1.0,15.0,153.0,0.242,0.309,0.431,0.74,47.0,47.0,0.1,0.1,0.0,UT,1.0,2.68,87.0
0,J.P. Crawford,SEA,15491,641487.0,30,564.0,487.0,369.0,119.0,0.2116,70.0,0.12333870523415978,1.0,6.0,0.322,0.062,0.065,0.261,0.307,0.255,0.051,119.0,77.0,24.0,2.0,16.0,200.0,0.244,0.345,0.399,0.744,62.0,60.0,7.8,6.7,1.0,SS,1.0,4.5,125.0
0,Jace Jung,DET,31437,690291.0,24,347.0,301.0,205.0,96.0,0.27787234042553194,43.0,0.12261398176291792,1.0,3.0,0.305,0.088,0.058,0.234,0.307,0.279,0.034,63.0,39.0,12.0,1.0,10.0,109.0,0.208,0.311,0.357,0.669,33.0,34.0,4.0,3.0,1.0,3B,1.0,1.06,77.0
0,Bryan De La Cruz,ATL,19600,650559.0,28,217.0,203.0,149.0,54.0,0.25070000000000003,12.0,0.057250961538461535,1.0,1.0,0.336,0.09,0.066,0.255,0.309,0.249,0.031,50.0,32.0,10.0,0.0,7.0,85.0,0.247,0.292,0.41,0.703,17.0,17.0,2.9,2.3,1.0,,1.0,1.0,48.0
0,Brooks Lee,MIN,31595,686797.0,24,416.0,383.0,304.0,80.0,0.1911711711711712,31.0,0.07416351351351352,1.0,1.0,0.303,0.052,0.057,0.243,0.339,0.277,0.032,92.0,64.0,16.0,2.0,10.0,145.0,0.241,0.298,0.371,0.669,49.0,44.0,7.7,5.4,2.0,SS,1.0,2.59,92.0
0,Jacob Melton,HOU,sa3019988,689200.0,24,200.0,184.0,134.0,51.0,0.25389784335981835,14.0,0.071992865250527,0.0,1.0,0.299,0.076,0.056,0.216,0.348,0.252,0.051,40.0,25.0,7.0,1.0,7.0,77.0,0.217,0.278,0.37,0.648,25.0,24.0,12.4,10.6,2.0,,1.0,1.0,44.0
0,Jacob Stallings,COL,13723,607732.0,35,288.0,258.0,189.0,70.0,0.24226,25.0,0.08575935624519107,1.0,4.0,0.332,0.07,0.065,0.253,0.324,0.236,0.051,63.0,41.0,13.0,1.0,7.0,100.0,0.243,0.319,0.386,0.705,32.0,28.0,1.2,0.9,0.0,C,1.0,0.61,64.0
0,Jacob Wilson,OAK,33266,805779.0,23,489.0,444.0,391.0,54.0,0.11,37.0,0.07581137309292649,1.0,8.0,0.278,0.02,0.041,0.25,0.351,0.252,0.057,108.0,84.0,19.0,1.0,5.0,148.0,0.244,0.313,0.327,0.64,52.0,45.0,5.2,4.0,1.0,SS,1.0,2.16,109.0
0,Jake Fraley,CIN,19260,641584.0,29,408.0,369.0,293.0,77.0,0.18850000000000003,33.0,0.08176136107986501,1.0,5.0,0.321,0.048,0.051,0.25,0.335,0.261,0.055,94.0,63.0,18.0,2.0,12.0,165.0,0.255,0.324,0.41,0.734,50.0,51.0,23.1,18.6,5.0,OF,1.0,4.79,91.0
0,Jake Meyers,HOU,20308,676694.0,28,416.0,377.0,280.0,98.0,0.2356,30.0,0.07142857142857144,1.0,8.0,0.31,0.069,0.075,0.226,0.314,0.265,0.051,87.0,55.0,18.0,2.0,12.0,149.0,0.23,0.3,0.384,0.683,49.0,44.0,10.2,7.4,3.0,OF,1.0,3.08,92.0
0,Jake Rogers,DET,19452,668670.0,29,341.0,313.0,212.0,102.0,0.2985,24.0,0.07143266178266178,1.0,3.0,0.324,0.102,0.089,0.23,0.284,0.247,0.048,69.0,41.0,14.0,1.0,13.0,124.0,0.22,0.282,0.394,0.676,38.0,38.0,2.0,1.6,0.0,C,1.0,1.74,76.0
0,James McCann,,,543510.0,34,186.0,173.0,128.0,46.0,0.24676,10.0,0.05494505494505494,1.0,2.0,0.331,0.07657657657657657,0.09234234234234234,0.25675675675675674,0.2635135135135135,0.26126126126126126,0.04954954954954955,42.0,26.0,10.0,0.0,6.0,71.0,0.245,0.294,0.405,0.7,21.0,21.0,1.6,1.2,0.0,,1.0,1.0,41.0
0,Brooks Baldwin,CWS,31394,681460.0,24,180.0,168.0,123.0,45.0,0.24997245179063363,11.0,0.059763872491145224,0.0,1.0,0.354,0.08,0.055,0.298,0.3,0.193,0.072,44.0,29.0,8.0,0.0,6.0,75.0,0.26,0.307,0.418,0.725,22.0,22.0,7.5,6.0,2.0,,1.0,1.0,40.0
0,Jared Triolo,PIT,25807,669707.0,27,243.0,216.0,150.0,66.0,0.27040000000000003,24.0,0.09973142857142858,0.0,3.0,0.323,0.059,0.055,0.268,0.295,0.278,0.045,49.0,34.0,9.0,1.0,5.0,76.0,0.225,0.311,0.338,0.649,23.0,22.0,5.0,4.0,1.0,,1.0,1.0,54.0
0,Jarred Kelenic,ATL,22558,672284.0,25,241.0,218.0,148.0,71.0,0.2966,21.0,0.08615954582989264,1.0,1.0,0.35,0.095,0.084,0.272,0.267,0.248,0.033,52.0,31.0,11.0,1.0,8.0,92.0,0.237,0.305,0.412,0.717,25.0,26.0,4.9,3.8,1.0,,1.0,1.0,54.0
0,Jason Heyward,SD,4940,518792.0,35,323.0,292.0,228.0,64.0,0.1993,27.0,0.08379902137232845,1.0,3.0,0.294,0.068,0.052,0.232,0.342,0.262,0.045,67.0,44.0,14.0,1.0,9.0,111.0,0.23,0.302,0.373,0.675,34.0,34.0,5.3,3.9,1.0,OF,1.0,1.57,72.0
0,Carlos Santana,CLE,2396,467793.0,38,555.0,492.0,394.0,99.0,0.1791,59.0,0.10650490519373453,1.0,3.0,0.298,0.071,0.06,0.237,0.304,0.301,0.027,117.0,73.0,25.0,1.0,18.0,202.0,0.239,0.323,0.404,0.727,64.0,73.0,4.3,3.8,0.0,1B,1.0,4.76,123.0
0,Enrique Hernandez,LAD,10472,571771.0,33,274.0,252.0,198.0,55.0,0.20128400000000002,19.0,0.070339551292215,1.0,2.0,0.297,0.053,0.066,0.233,0.3,0.314,0.033,59.0,38.0,12.0,1.0,7.0,95.0,0.233,0.293,0.373,0.666,31.0,31.0,1.1,0.8,0.0,"3B, OF",1.0,0.56,61.0
0,Mike Siani,STL,22557,672279.0,25,249.0,231.0,165.0,66.0,0.264,16.0,0.0644,0.0,2.0,0.306,0.031,0.035,0.238,0.362,0.197,0.138,51.0,39.0,8.0,1.0,3.0,77.0,0.219,0.276,0.301,0.577,25.0,23.0,11.4,9.3,2.0,,1.0,1.0,55.0
0,Endy Rodriguez,PIT,25332,682848.0,24,363.0,321.0,237.0,85.0,0.233344,38.0,0.10413714285714283,1.0,4.0,0.311,0.061,0.075,0.254,0.296,0.286,0.027,74.0,49.0,15.0,1.0,9.0,120.0,0.23,0.317,0.366,0.683,37.0,37.0,5.0,4.0,1.0,C,1.0,1.54,81.0
0,Christian Moore,LAA,sa3025168,695681.0,22,283.0,261.0,179.0,83.0,0.29287272727272723,18.0,0.06402597402597403,0.0,3.0,0.306,0.06,0.04,0.25,0.35,0.25,0.05,55.0,38.0,9.0,1.0,7.0,89.0,0.209,0.269,0.329,0.597,29.0,28.0,5.5,4.4,1.0,2B,1.0,0.87,63.0
0,Christian Vazquez,MIN,9774,543877.0,34,290.0,272.0,208.0,65.0,0.225516,15.0,0.05348368869936034,1.0,1.0,0.314,0.043,0.067,0.263,0.297,0.284,0.045,65.0,46.0,13.0,1.0,5.0,98.0,0.239,0.283,0.352,0.635,30.0,30.0,3.5,2.7,1.0,C,1.0,0.59,64.0
0,Chase Meidroth,CWS,sa3020011,805367.0,23,262.0,223.0,173.0,50.0,0.19193529971455756,33.0,0.1245861084681256,1.0,6.0,0.305,0.05,0.058,0.247,0.364,0.244,0.036,53.0,37.0,9.0,1.0,6.0,83.0,0.237,0.349,0.358,0.707,27.0,26.0,6.5,5.0,1.0,SS,1.0,0.71,58.0
0,Coby Mayo,BAL,28312,691723.0,23,153.0,135.0,94.0,41.0,0.26949019607843133,15.0,0.09651260504201681,0.0,3.0,0.332,0.108,0.055,0.238,0.276,0.291,0.033,31.0,19.0,6.0,0.0,6.0,56.0,0.232,0.319,0.408,0.727,17.0,17.0,2.6,1.7,1.0,,1.0,1.0,34.0
0,Colson Montgomery,CWS,sa3017170,695657.0,23,410.0,356.0,237.0,120.0,0.2918144078144078,41.0,0.1009105180533752,1.0,13.0,0.312,0.078,0.057,0.241,0.286,0.272,0.066,74.0,48.0,14.0,1.0,11.0,126.0,0.207,0.311,0.347,0.659,40.0,39.0,7.3,4.8,3.0,SS,1.0,1.91,91.0
0,Connor Joe,SD,16572,656582.0,32,299.0,263.0,195.0,68.0,0.22843200000000002,31.0,0.10206602316602316,1.0,5.0,0.303,0.063,0.046,0.236,0.3,0.305,0.049,59.0,39.0,12.0,1.0,7.0,95.0,0.225,0.317,0.361,0.678,29.0,28.0,3.0,1.7,1.0,"1B, OF",1.0,0.43,66.0
0,Chas McCormick,HOU,19599,676801.0,29,413.0,370.0,265.0,106.0,0.2569,35.0,0.08514285714285713,1.0,7.0,0.333,0.089,0.061,0.244,0.272,0.266,0.068,88.0,56.0,16.0,2.0,14.0,163.0,0.239,0.315,0.409,0.724,49.0,50.0,19.1,15.1,4.0,OF,1.0,4.37,92.0
0,D.J. LeMahieu,NYY,9874,518934.0,36,322.0,287.0,221.0,67.0,0.20824399999999998,32.0,0.09955444846292946,1.0,2.0,0.313,0.062,0.068,0.253,0.415,0.173,0.03,69.0,49.0,12.0,1.0,7.0,104.0,0.241,0.32,0.362,0.682,33.0,31.0,3.0,1.6,1.0,"1B, 3B",1.0,0.79,72.0
0,Dairon Blanco,KC,19779,680118.0,31,173.0,159.0,117.0,42.0,0.2424,12.0,0.068,0.0,2.0,0.309,0.072,0.081,0.192,0.366,0.193,0.097,36.0,24.0,8.0,1.0,4.0,76.0,0.229,0.289,0.367,0.656,23.0,22.0,27.1,22.6,5.0,,1.0,1.0,38.0
0,Dane Myers,MIA,22054,667472.0,29,268.0,245.0,171.0,75.0,0.27812734082397006,17.0,0.06353130016051364,1.0,6.0,0.356,0.074,0.056,0.294,0.364,0.181,0.032,61.0,42.0,11.0,1.0,7.0,102.0,0.248,0.311,0.386,0.697,32.0,31.0,10.2,8.5,2.0,OF,1.0,1.71,60.0
0,Daulton Varsho,TOR,19918,662139.0,28,590.0,532.0,385.0,148.0,0.2509,52.0,0.08819270044398014,1.0,5.0,0.284,0.059,0.078,0.203,0.23,0.334,0.086,110.0,66.0,24.0,3.0,17.0,196.0,0.206,0.282,0.355,0.637,62.0,67.0,13.0,10.2,3.0,OF,1.0,4.88,131.0
0,David Fry,CLE,24934,681807.0,29,180.0,158.0,118.0,41.0,0.2267,17.0,0.09687630834512023,0.0,4.0,0.323,0.085,0.066,0.266,0.265,0.284,0.034,38.0,23.0,9.0,1.0,6.0,66.0,0.241,0.332,0.408,0.739,21.0,21.0,2.5,2.0,0.0,,1.0,1.0,40.0
0,David Peralta,,,444482.0,37,248.0,229.0,179.0,50.0,0.20341938250428815,17.0,0.06695186307909984,1.0,1.0,0.313,0.06451612903225806,0.07407407407407407,0.27001194743130225,0.33930704898446834,0.21983273596176822,0.03225806451612903,56.0,38.0,12.0,1.0,5.0,85.0,0.245,0.299,0.372,0.671,26.0,25.0,1.7,0.9,1.0,,1.0,1.0,55.0
0,Davis Schneider,TOR,23565,676914.0,26,222.0,193.0,126.0,68.0,0.3045999999999999,25.0,0.11109714285714287,1.0,3.0,0.317,0.124,0.072,0.221,0.21,0.337,0.036,40.0,21.0,10.0,1.0,8.0,77.0,0.207,0.306,0.389,0.696,24.0,23.0,2.7,2.3,0.0,,1.0,1.0,49.0
0,Derek Hill,MIA,16947,656537.0,29,256.0,241.0,169.0,73.0,0.2864,12.0,0.046571428571428576,0.0,2.0,0.321,0.066,0.046,0.255,0.324,0.211,0.099,54.0,38.0,9.0,1.0,6.0,88.0,0.224,0.265,0.346,0.612,27.0,26.0,7.2,5.7,2.0,OF,1.0,0.9,57.0
0,Deyvison De Los Santos,MIA,sa3015168,691277.0,21,352.0,332.0,233.0,100.0,0.2826616541353383,17.0,0.04707572502685285,1.0,3.0,0.32,0.097,0.071,0.201,0.364,0.227,0.041,75.0,45.0,15.0,1.0,13.0,132.0,0.225,0.267,0.397,0.664,41.0,40.0,2.2,1.6,1.0,1B,1.0,1.9,78.0
0,Dillon Dingler,DET,27464,693307.0,26,237.0,218.0,148.0,70.0,0.29724137931034483,12.0,0.05113300492610838,1.0,6.0,0.34,0.107,0.063,0.26,0.267,0.274,0.03,50.0,31.0,10.0,1.0,9.0,91.0,0.231,0.289,0.408,0.697,27.0,27.0,2.9,2.4,0.0,,1.0,1.0,53.0
0,Donovan Solano,SEA,8623,456781.0,37,356.0,319.0,238.0,82.0,0.23029199999999997,28.0,0.07820957086391869,1.0,8.0,0.34,0.052,0.073,0.301,0.311,0.229,0.035,81.0,58.0,16.0,1.0,6.0,117.0,0.253,0.327,0.363,0.69,37.0,36.0,3.1,2.0,1.0,"1B, 3B",1.0,1.12,79.0
0,Drew Romo,COL,27763,691011.0,23,212.0,198.0,136.0,62.0,0.29446540880503147,11.0,0.052991913746630724,0.0,2.0,0.32,0.061,0.058,0.264,0.304,0.264,0.049,44.0,29.0,8.0,1.0,5.0,69.0,0.22,0.269,0.348,0.617,22.0,21.0,2.4,1.4,1.0,,1.0,1.0,47.0
0,Dylan Moore,SEA,18042,664238.0,32,372.0,319.0,211.0,109.0,0.292308,42.0,0.11360190947666196,1.0,10.0,0.3,0.101,0.064,0.211,0.237,0.334,0.053,63.0,37.0,14.0,1.0,11.0,126.0,0.199,0.31,0.353,0.662,42.0,36.0,22.7,18.1,5.0,"2B, 3B, SS, OF",1.0,3.3,83.0
0,Edgar Quero,CWS,sa3015239,700337.0,21,172.0,150.0,116.0,35.0,0.20128337236533952,16.0,0.09498494479759115,0.0,5.0,0.339,0.086,0.052,0.277,0.362,0.171,0.052,39.0,27.0,7.0,0.0,5.0,63.0,0.262,0.351,0.422,0.774,20.0,20.0,1.4,0.7,1.0,,1.0,1.0,38.0
0,Edmundo Sosa,PHI,17022,624641.0,29,190.0,175.0,129.0,46.0,0.24409999999999998,8.0,0.04057142857142857,0.0,7.0,0.329,0.08,0.06,0.237,0.316,0.258,0.049,42.0,27.0,9.0,1.0,6.0,73.0,0.242,0.301,0.407,0.708,22.0,22.0,3.8,3.0,1.0,,1.0,1.0,42.0
0,Edouard Julien,MIN,27534,666397.0,25,314.0,273.0,174.0,99.0,0.3156,39.0,0.12355142857142858,1.0,2.0,0.347,0.105,0.074,0.236,0.35,0.2,0.035,60.0,37.0,12.0,1.0,10.0,110.0,0.222,0.322,0.383,0.705,36.0,33.0,6.1,5.8,0.0,2B,1.0,1.86,70.0
0,Eguy Rosario,SD,19964,666703.0,25,226.0,211.0,145.0,66.0,0.2948936170212766,11.0,0.04966565349544073,1.0,3.0,0.314,0.079,0.052,0.236,0.319,0.265,0.051,46.0,30.0,8.0,1.0,7.0,80.0,0.216,0.263,0.362,0.625,26.0,25.0,7.7,5.8,2.0,,1.0,1.0,50.0
0,Elias Diaz,SD,11680,553869.0,34,320.0,297.0,227.0,70.0,0.22002,20.0,0.06350323342563935,1.0,2.0,0.317,0.058,0.048,0.259,0.357,0.232,0.046,72.0,50.0,13.0,1.0,8.0,112.0,0.243,0.295,0.374,0.669,33.0,33.0,1.3,1.2,0.0,C,1.0,0.93,71.0
0,Carson Kelly,CHC,13620,608348.0,30,292.0,264.0,205.0,60.0,0.2049,24.0,0.08171428571428571,1.0,4.0,0.303,0.065,0.067,0.24,0.304,0.284,0.04,62.0,41.0,12.0,1.0,8.0,101.0,0.235,0.308,0.38,0.687,32.0,31.0,2.3,1.6,1.0,C,1.0,0.88,65.0
0,Eloy Jimenez,TB,17484,650391.0,28,221.0,204.0,161.0,44.0,0.1983,15.0,0.06704924991476303,1.0,1.0,0.315,0.084,0.049,0.223,0.415,0.196,0.033,51.0,34.0,10.0,0.0,7.0,84.0,0.248,0.302,0.403,0.706,18.0,19.0,2.1,1.9,0.0,,1.0,1.0,49.0
0,Javier Baez,DET,12979,595879.0,32,327.0,305.0,229.0,77.0,0.236736,16.0,0.048975700615174304,1.0,5.0,0.299,0.068,0.066,0.21,0.378,0.242,0.036,68.0,45.0,13.0,1.0,9.0,117.0,0.224,0.273,0.36,0.633,36.0,36.0,8.6,7.6,1.0,SS,1.0,1.9,73.0
0,Javier Sanoja,MIA,28253,691594.0,22,181.0,169.0,150.0,19.0,0.10756067316209034,11.0,0.061536125521953686,0.0,0.0,0.291,0.039,0.038,0.244,0.366,0.259,0.054,44.0,33.0,7.0,1.0,3.0,65.0,0.258,0.306,0.367,0.673,20.0,19.0,6.4,4.4,2.0,,1.0,1.0,40.0
0,Brett Wisely,SF,27735,689172.0,25,156.0,146.0,106.0,40.0,0.2569,9.0,0.05998571428571429,0.0,1.0,0.295,0.062,0.052,0.227,0.292,0.301,0.066,31.0,21.0,6.0,1.0,4.0,50.0,0.214,0.264,0.338,0.602,15.0,15.0,3.9,2.5,1.0,,1.0,1.0,35.0
0,Kris Bryant,COL,15429,592178.0,33,429.0,382.0,284.0,99.0,0.231188,37.0,0.086,1.0,9.0,0.321,0.058,0.059,0.245,0.286,0.288,0.063,91.0,61.0,19.0,1.0,10.0,144.0,0.238,0.319,0.374,0.694,45.0,51.0,1.8,1.4,0.0,UT,1.0,2.33,95.0
0,Kyle Higashioka,TEX,5517,543309.0,34,286.0,269.0,191.0,79.0,0.276652,16.0,0.056857142857142856,1.0,0.0,0.315,0.104,0.08,0.224,0.249,0.296,0.046,60.0,35.0,13.0,1.0,12.0,111.0,0.223,0.267,0.405,0.672,35.0,35.0,2.4,2.2,0.0,C,1.0,1.46,64.0
0,Kyle Isbel,KC,21614,664728.0,28,458.0,424.0,332.0,93.0,0.20230000000000004,29.0,0.06371428571428571,1.0,4.0,0.306,0.05,0.047,0.245,0.338,0.256,0.064,102.0,68.0,22.0,3.0,9.0,169.0,0.24,0.294,0.367,0.661,56.0,49.0,17.8,15.5,2.0,OF,1.0,4.21,102.0
0,Kyle Manzardo,CLE,29794,700932.0,24,442.0,407.0,296.0,112.0,0.2535042735042735,28.0,0.0643956043956044,2.0,5.0,0.304,0.102,0.094,0.19,0.227,0.347,0.04,90.0,48.0,21.0,1.0,19.0,173.0,0.221,0.279,0.423,0.702,54.0,58.0,2.7,1.8,1.0,UT,1.0,3.76,98.0
0,Brandon Drury,CWS,11615,592273.0,32,270.0,248.0,182.0,66.0,0.244552,18.0,0.06628571428571428,1.0,4.0,0.313,0.069,0.066,0.218,0.384,0.221,0.041,57.0,38.0,11.0,1.0,8.0,92.0,0.23,0.291,0.373,0.665,29.0,29.0,2.2,1.0,1.0,2B,1.0,0.82,60.0
0,Kyle Stowers,MIA,26151,669065.0,27,383.0,353.0,233.0,120.0,0.3144,25.0,0.06563428571428571,1.0,4.0,0.352,0.097,0.065,0.281,0.31,0.217,0.03,82.0,50.0,17.0,2.0,13.0,141.0,0.233,0.291,0.399,0.69,43.0,44.0,2.6,1.6,1.0,OF,1.0,2.48,85.0
0,Kyle Teel,CWS,sa3022886,691019.0,23,184.0,163.0,117.0,46.0,0.2521311475409836,19.0,0.10311475409836066,0.0,1.0,0.349,0.079,0.055,0.3,0.315,0.185,0.067,41.0,28.0,7.0,1.0,6.0,68.0,0.251,0.333,0.404,0.737,22.0,21.0,4.7,3.6,1.0,,1.0,1.0,41.0
0,LaMonte Wade Jr.,SF,18126,664774.0,31,455.0,382.0,289.0,94.0,0.20650000000000002,66.0,0.14545745341614907,1.0,6.0,0.337,0.091,0.073,0.264,0.267,0.252,0.054,97.0,64.0,19.0,2.0,13.0,161.0,0.255,0.373,0.414,0.787,64.0,46.0,4.5,3.6,1.0,1B,1.0,3.39,101.0
0,Lenyn Sosa,CWS,22896,672820.0,25,359.0,341.0,264.0,79.0,0.21960000000000002,14.0,0.03956609910384819,1.0,2.0,0.334,0.067,0.08,0.287,0.285,0.244,0.039,88.0,58.0,17.0,1.0,11.0,142.0,0.258,0.291,0.414,0.705,34.0,38.0,4.7,2.9,2.0,"2B, 3B",1.0,2.03,80.0
0,Leody Taveras,TEX,18900,665750.0,26,344.0,316.0,244.0,73.0,0.21189999999999998,26.0,0.07612571428571428,1.0,1.0,0.324,0.066,0.058,0.257,0.318,0.269,0.033,79.0,53.0,16.0,2.0,9.0,136.0,0.25,0.309,0.397,0.706,35.0,33.0,16.9,13.5,3.0,OF,1.0,2.71,76.0
0,Luis Campusano,SD,22217,669134.0,26,301.0,279.0,237.0,43.0,0.1427,18.0,0.05864,1.0,3.0,0.308,0.058,0.052,0.255,0.354,0.255,0.027,73.0,50.0,14.0,1.0,9.0,116.0,0.262,0.312,0.411,0.723,35.0,35.0,1.3,1.1,0.0,C,1.0,1.3,67.0
0,Luis Matos,SF,26467,682641.0,23,201.0,185.0,157.0,29.0,0.14526,13.0,0.06701231225986727,0.0,2.0,0.303,0.043,0.069,0.242,0.329,0.269,0.048,47.0,33.0,10.0,1.0,4.0,74.0,0.256,0.312,0.386,0.698,24.0,23.0,4.1,3.3,1.0,,1.0,1.0,45.0
0,Ben Rortvedt,TB,20287,666163.0,27,231.0,202.0,143.0,60.0,0.2579,25.0,0.10847428571428572,0.0,3.0,0.283,0.051,0.035,0.25,0.335,0.278,0.052,40.0,28.0,7.0,0.0,5.0,63.0,0.2,0.298,0.307,0.604,21.0,21.0,1.5,1.4,0.0,,1.0,1.0,51.0
0,Ben Gamel,HOU,12160,592325.0,32,190.0,163.0,119.0,45.0,0.23497076023391814,24.0,0.12888308270676693,0.0,1.0,0.322,0.075,0.067,0.26,0.286,0.267,0.046,38.0,25.0,8.0,1.0,5.0,62.0,0.235,0.339,0.376,0.715,19.0,18.0,1.7,1.2,1.0,,1.0,1.0,42.0
0,Luis Torrens,NYM,15905,620443.0,28,154.0,142.0,106.0,37.0,0.23666666666666666,10.0,0.06714285714285714,0.0,2.0,0.336,0.08,0.072,0.283,0.346,0.189,0.029,36.0,23.0,7.0,0.0,5.0,58.0,0.251,0.309,0.411,0.72,19.0,18.0,1.7,0.7,1.0,,1.0,1.0,34.0
0,Luis Urias,OAK,16622,649966.0,27,248.0,215.0,159.0,57.0,0.228,26.0,0.10410285714285714,1.0,7.0,0.307,0.082,0.057,0.224,0.281,0.298,0.058,49.0,31.0,10.0,1.0,7.0,83.0,0.227,0.328,0.376,0.705,28.0,27.0,3.9,3.1,1.0,,1.0,1.0,55.0
0,Luisangel Acuna,NYM,26548,682668.0,23,176.0,165.0,129.0,36.0,0.2047612456747405,10.0,0.05814137419673752,0.0,1.0,0.304,0.056,0.049,0.235,0.385,0.233,0.043,39.0,28.0,7.0,0.0,5.0,68.0,0.238,0.286,0.367,0.654,22.0,21.0,11.7,9.4,2.0,,1.0,1.0,39.0
0,MJ Melendez,KC,22197,669004.0,26,471.0,424.0,302.0,124.0,0.2625,42.0,0.0902781807081807,1.0,2.0,0.322,0.093,0.081,0.23,0.301,0.272,0.022,97.0,57.0,22.0,3.0,16.0,175.0,0.229,0.302,0.406,0.708,53.0,55.0,12.4,7.8,5.0,OF,1.0,4.11,105.0
0,Austin Slater,CWS,16153,596103.0,32,227.0,198.0,135.0,63.0,0.278872,25.0,0.11085714285714286,0.0,4.0,0.342,0.065,0.06,0.299,0.332,0.185,0.058,46.0,33.0,8.0,0.0,5.0,72.0,0.234,0.33,0.352,0.682,23.0,22.0,5.0,3.6,1.0,,1.0,1.0,50.0
0,Austin Hedges,CLE,12976,595978.0,32,186.0,172.0,125.0,47.0,0.252896,12.0,0.06285714285714286,0.0,2.0,0.253,0.016,0.05,0.238,0.274,0.336,0.087,32.0,24.0,6.0,0.0,2.0,45.0,0.184,0.245,0.251,0.496,15.0,14.0,2.1,2.0,0.0,,1.0,1.0,41.0
0,Mark Canha,MIL,11445,592192.0,36,235.0,202.0,156.0,47.0,0.199384,24.0,0.09997769570986288,0.0,9.0,0.304,0.045,0.058,0.229,0.365,0.264,0.039,47.0,33.0,9.0,1.0,5.0,73.0,0.234,0.34,0.351,0.691,22.0,21.0,3.0,2.5,0.0,,1.0,1.0,52.0
0,Masataka Yoshida,BOS,31837,807799.0,31,388.0,354.0,300.0,54.0,0.1405,25.0,0.06371428571428571,1.0,8.0,0.331,0.063,0.06,0.26,0.352,0.22,0.045,99.0,66.0,22.0,1.0,10.0,156.0,0.281,0.341,0.432,0.773,48.0,51.0,2.8,2.7,0.0,UT,1.0,2.98,86.0
0,Matt Mervis,MIA,27845,670223.0,26,336.0,305.0,211.0,95.0,0.28264550264550264,24.0,0.07224489795918367,1.0,5.0,0.309,0.077,0.082,0.218,0.269,0.306,0.048,65.0,39.0,14.0,1.0,11.0,115.0,0.214,0.282,0.372,0.655,36.0,39.0,4.0,2.9,1.0,UT,1.0,1.68,75.0
0,Austin Hays,CIN,19363,669720.0,29,445.0,409.0,304.0,105.0,0.2368,28.0,0.06190561162345571,1.0,7.0,0.332,0.079,0.073,0.229,0.316,0.272,0.031,101.0,61.0,23.0,1.0,16.0,177.0,0.248,0.306,0.427,0.733,54.0,57.0,5.6,4.1,2.0,OF,1.0,3.99,99.0
0,Mauricio Dubon,HOU,16530,643289.0,30,353.0,334.0,284.0,51.0,0.1436,16.0,0.04485714285714286,1.0,2.0,0.302,0.042,0.045,0.25,0.344,0.274,0.045,86.0,61.0,16.0,1.0,8.0,130.0,0.257,0.294,0.383,0.676,40.0,38.0,5.3,3.6,2.0,"1B, 2B, OF",1.0,1.73,78.0
0,Max Kepler,PHI,12144,596146.0,32,455.0,416.0,321.0,97.0,0.21217999999999995,33.0,0.07228571428571429,1.0,5.0,0.317,0.083,0.074,0.239,0.262,0.314,0.028,102.0,62.0,21.0,3.0,17.0,178.0,0.245,0.306,0.427,0.733,54.0,56.0,2.5,1.4,1.0,OF,1.0,3.74,101.0
0,Michael A. Taylor,CWS,11489,572191.0,34,178.0,164.0,105.0,59.0,0.330696,13.0,0.07314285714285713,0.0,1.0,0.332,0.117,0.043,0.232,0.277,0.25,0.081,35.0,22.0,6.0,0.0,6.0,65.0,0.213,0.275,0.369,0.644,19.0,19.0,6.7,5.6,1.0,,1.0,1.0,40.0
0,Michael Massey,KC,27684,686681.0,27,474.0,441.0,353.0,90.0,0.1894,25.0,0.052339421227487325,1.0,7.0,0.309,0.074,0.07,0.251,0.268,0.3,0.038,109.0,69.0,24.0,3.0,14.0,181.0,0.247,0.297,0.405,0.702,56.0,60.0,4.7,3.7,1.0,2B,1.0,3.99,105.0
0,Kyle Farmer,COL,14813,571657.0,34,271.0,245.0,185.0,60.0,0.22194,18.0,0.06730606733691841,1.0,7.0,0.329,0.063,0.059,0.255,0.284,0.3,0.039,61.0,40.0,12.0,1.0,7.0,98.0,0.249,0.319,0.401,0.72,30.0,29.0,5.4,2.6,3.0,"2B, 3B",1.0,1.07,60.0
0,Korey Lee,CWS,25543,686676.0,26,209.0,197.0,135.0,62.0,0.2986,11.0,0.05077142857142858,0.0,1.0,0.291,0.069,0.044,0.209,0.366,0.261,0.052,39.0,26.0,7.0,0.0,6.0,66.0,0.199,0.243,0.326,0.569,21.0,19.0,4.7,3.4,1.0,,1.0,1.0,46.0
0,Jeff McNeil,NYM,15362,643446.0,32,486.0,439.0,374.0,65.0,0.134132,35.0,0.07103392857142857,1.0,12.0,0.3,0.033,0.06,0.25,0.297,0.308,0.052,112.0,79.0,22.0,2.0,9.0,171.0,0.256,0.327,0.378,0.705,57.0,55.0,6.6,5.9,1.0,"2B, OF",1.0,3.62,108.0
0,Jose Iglesias,SD,,578428.0,35,278.0,260.0,219.0,42.0,0.1504200792602378,13.0,0.045408863275117076,0.0,5.0,0.351,0.011382113821138212,0.030894308943089432,0.3056910569105691,0.38699186991869916,0.2048780487804878,0.06016260162601626,77.0,59.0,15.0,0.0,2.0,100.0,0.295,0.339,0.382,0.721,32.0,31.0,3.6,2.2,1.0,"2B, 3B",1.0,0.9,62.0
0,Jerar Encarnacion,SF,21871,666464.0,27,245.0,229.0,165.0,65.0,0.2657142857142857,14.0,0.055438175270108046,1.0,2.0,0.33,0.113,0.1,0.204,0.391,0.169,0.023,54.0,31.0,13.0,1.0,10.0,100.0,0.238,0.284,0.431,0.715,33.0,33.0,1.7,1.4,0.0,,1.0,1.0,54.0
0,Jesse Winker,NYM,13590,608385.0,31,407.0,347.0,259.0,88.0,0.2167,53.0,0.1307776595744681,1.0,6.0,0.322,0.072,0.041,0.267,0.328,0.255,0.037,84.0,57.0,16.0,1.0,11.0,137.0,0.241,0.352,0.382,0.734,45.0,45.0,11.9,8.2,4.0,OF,1.0,3.07,90.0
0,Jhonkensy Noel,CLE,24257,678877.0,23,351.0,318.0,220.0,99.0,0.283030303030303,24.0,0.06894660894660895,1.0,8.0,0.321,0.148,0.048,0.178,0.325,0.278,0.024,71.0,36.0,17.0,1.0,17.0,140.0,0.222,0.292,0.443,0.734,43.0,44.0,2.5,1.0,1.0,OF,1.0,2.72,78.0
0,Joey Gallo,CWS,14128,608336.0,31,194.0,167.0,92.0,76.0,0.3915999999999999,25.0,0.12734546332046334,0.0,2.0,0.314,0.141,0.07,0.172,0.217,0.358,0.042,29.0,15.0,6.0,0.0,8.0,61.0,0.172,0.284,0.358,0.642,18.0,19.0,2.1,1.5,1.0,,1.0,1.0,43.0
0,Johan Rojas,PHI,24336,679032.0,24,296.0,279.0,217.0,62.0,0.209368,12.0,0.04173714285714286,0.0,4.0,0.3,0.035,0.041,0.223,0.414,0.195,0.091,65.0,47.0,12.0,1.0,5.0,107.0,0.234,0.276,0.339,0.615,34.0,32.0,18.5,15.6,3.0,OF,1.0,2.33,66.0
0,Jon Berti,CHC,12037,542932.0,35,182.0,166.0,130.0,36.0,0.199072,14.0,0.07827919104991393,0.0,1.0,0.322,0.048,0.044,0.265,0.384,0.196,0.063,42.0,31.0,7.0,1.0,4.0,63.0,0.253,0.316,0.366,0.683,20.0,19.0,4.9,3.5,1.0,,1.0,1.0,40.0
0,Jonah Bride,MIA,24703,681146.0,29,408.0,357.0,277.0,81.0,0.1984,42.0,0.10406269841269841,1.0,8.0,0.308,0.046,0.07,0.237,0.349,0.238,0.06,85.0,60.0,17.0,1.0,8.0,128.0,0.239,0.332,0.355,0.686,39.0,44.0,3.2,2.2,1.0,1B,1.0,1.58,91.0
0,Jonny DeLuca,TB,26365,676356.0,26,448.0,407.0,314.0,94.0,0.2101,31.0,0.06987560898560899,1.0,9.0,0.298,0.048,0.049,0.25,0.3,0.299,0.055,94.0,63.0,19.0,2.0,10.0,159.0,0.23,0.298,0.36,0.658,51.0,50.0,22.0,17.3,5.0,OF,1.0,4.17,100.0
0,Jordan Beck,COL,31431,687597.0,23,385.0,355.0,240.0,116.0,0.3017391304347826,28.0,0.07342173913043479,1.0,1.0,0.351,0.075,0.058,0.28,0.296,0.244,0.046,84.0,55.0,16.0,1.0,11.0,145.0,0.237,0.294,0.386,0.68,44.0,43.0,12.5,10.1,2.0,OF,1.0,3.11,86.0
0,Jordan Lawlar,ARI,29976,691783.0,22,234.0,209.0,153.0,57.0,0.24220466786355474,20.0,0.08644780713003336,1.0,5.0,0.352,0.089,0.052,0.292,0.306,0.189,0.071,54.0,35.0,11.0,1.0,8.0,92.0,0.257,0.336,0.423,0.759,29.0,27.0,6.1,5.0,1.0,,1.0,1.0,52.0
0,Brendan Rodgers,HOU,17907,663898.0,28,254.0,233.0,177.0,57.0,0.2241,18.0,0.06967599179206567,1.0,2.0,0.321,0.067,0.066,0.23,0.424,0.177,0.036,57.0,38.0,11.0,1.0,7.0,92.0,0.243,0.302,0.388,0.691,31.0,30.0,1.7,1.6,0.0,2B,1.0,1.02,56.0
0,Kevin Newman,LAA,17696,621028.0,31,220.0,205.0,172.0,34.0,0.15409999999999996,13.0,0.059694072948328264,0.0,1.0,0.309,0.029,0.035,0.287,0.346,0.249,0.053,53.0,40.0,9.0,1.0,3.0,78.0,0.259,0.306,0.357,0.663,25.0,22.0,6.4,5.5,1.0,,1.0,1.0,49.0
0,Jorge Polanco,SEA,13152,593871.0,31,475.0,423.0,295.0,130.0,0.2737,47.0,0.09884950738916258,1.0,3.0,0.322,0.099,0.056,0.253,0.242,0.301,0.05,95.0,58.0,17.0,1.0,18.0,172.0,0.224,0.306,0.398,0.704,54.0,53.0,5.8,4.6,1.0,2B,1.0,3.93,106.0
0,Jose Miranda,MIN,20538,669304.0,26,360.0,333.0,274.0,60.0,0.1675,21.0,0.05795802065404475,1.0,5.0,0.31,0.06,0.069,0.226,0.32,0.292,0.033,85.0,56.0,18.0,1.0,10.0,137.0,0.255,0.308,0.405,0.713,44.0,43.0,3.8,2.8,1.0,3B,1.0,2.13,80.0
0,Brayan Rocchio,CLE,23690,677587.0,24,517.0,461.0,349.0,113.0,0.217584,48.0,0.0937275974025974,1.0,7.0,0.285,0.046,0.047,0.233,0.362,0.233,0.079,99.0,67.0,21.0,1.0,10.0,161.0,0.216,0.3,0.332,0.632,56.0,49.0,15.9,12.0,4.0,SS,1.0,3.46,115.0
0,Jose Siri,NYM,17452,642350.0,29,387.0,356.0,219.0,138.0,0.35660000000000003,25.0,0.06542857142857143,1.0,5.0,0.347,0.131,0.072,0.198,0.293,0.242,0.064,76.0,41.0,16.0,1.0,19.0,159.0,0.213,0.274,0.422,0.696,47.0,48.0,16.6,12.9,4.0,OF,1.0,4.32,86.0
0,Jose Tena,WSH,23691,677588.0,24,334.0,299.0,216.0,84.0,0.25274399999999997,31.0,0.09344,1.0,3.0,0.36,0.089,0.049,0.315,0.31,0.183,0.055,78.0,53.0,13.0,1.0,11.0,131.0,0.26,0.334,0.419,0.753,33.0,37.0,13.4,9.6,4.0,3B,1.0,2.33,74.0
0,Jose Trevino,CIN,16725,624431.0,32,242.0,226.0,185.0,41.0,0.169452,15.0,0.06028571428571429,0.0,1.0,0.294,0.051,0.047,0.221,0.373,0.263,0.044,54.0,37.0,10.0,0.0,6.0,86.0,0.241,0.291,0.375,0.666,27.0,27.0,1.6,1.5,0.0,,1.0,1.0,54.0
0,Adam Duvall,,,594807.0,36,206.0,189.0,126.0,63.0,0.3077532729103726,13.0,0.06538210612754035,1.0,3.0,0.39,0.12231404958677686,0.05950413223140496,0.2049586776859504,0.18181818181818182,0.3834710743801653,0.047933884297520664,49.0,23.0,14.0,1.0,11.0,98.0,0.26,0.317,0.518,0.835,21.0,22.0,1.1,0.9,0.0,,1.0,1.0,46.0
0,Josh Rojas,CWS,19734,668942.0,30,374.0,339.0,254.0,86.0,0.22860000000000003,34.0,0.09012941888619853,1.0,1.0,0.326,0.056,0.071,0.264,0.274,0.29,0.046,83.0,56.0,17.0,1.0,9.0,135.0,0.244,0.314,0.376,0.691,40.0,36.0,11.1,9.3,2.0,3B,1.0,2.13,83.0
0,Josh Smith,TEX,26396,669701.0,27,380.0,332.0,252.0,81.0,0.213,35.0,0.09254876560332873,1.0,12.0,0.313,0.052,0.06,0.257,0.281,0.294,0.055,79.0,53.0,16.0,1.0,9.0,128.0,0.237,0.332,0.372,0.703,42.0,40.0,8.0,6.2,2.0,"3B, SS",1.0,2.01,84.0
0,Juan Brito,CLE,sa3009808,682877.0,23,282.0,250.0,196.0,54.0,0.19110853355426677,28.0,0.09984140134927211,1.0,3.0,0.295,0.069,0.056,0.237,0.301,0.295,0.043,58.0,37.0,12.0,1.0,8.0,97.0,0.232,0.318,0.382,0.7,32.0,31.0,6.2,4.1,2.0,2B,1.0,1.32,63.0
0,Justin Turner,CHC,5235,457759.0,40,337.0,297.0,234.0,63.0,0.1876,33.0,0.09822326793378296,1.0,7.0,0.323,0.055,0.073,0.273,0.262,0.304,0.032,76.0,51.0,15.0,1.0,9.0,119.0,0.255,0.342,0.399,0.741,38.0,38.0,2.1,1.3,1.0,1B,1.0,1.44,75.0
0,Ke'Bryan Hayes,PIT,18577,663647.0,28,529.0,493.0,390.0,104.0,0.19619999999999999,32.0,0.06085009306654258,1.0,3.0,0.318,0.05,0.075,0.251,0.361,0.231,0.033,124.0,87.0,25.0,2.0,10.0,190.0,0.252,0.3,0.373,0.673,60.0,58.0,13.5,9.9,4.0,3B,1.0,3.97,118.0
0,Josh Bell,WSH,13145,605137.0,32,560.0,503.0,386.0,119.0,0.21217999999999998,52.0,0.09277997658079626,1.0,3.0,0.316,0.084,0.06,0.226,0.361,0.232,0.037,122.0,78.0,23.0,2.0,19.0,203.0,0.243,0.317,0.407,0.724,62.0,67.0,3.1,0.6,3.0,1B,1.0,4.31,124.0
0,Hunter Goodman,COL,29715,696100.0,25,307.0,287.0,203.0,85.0,0.27759999999999996,15.0,0.049391428571428565,1.0,4.0,0.311,0.115,0.073,0.173,0.313,0.274,0.053,63.0,33.0,15.0,1.0,14.0,123.0,0.22,0.268,0.428,0.696,37.0,38.0,2.4,1.6,1.0,"C, OF",0.93,1.81,68.0
0,Jonah Heim,TEX,16930,641680.0,29,366.0,339.0,270.0,70.0,0.19040000000000004,24.0,0.06673352534562212,1.0,2.0,0.307,0.068,0.062,0.244,0.298,0.291,0.036,83.0,54.0,16.0,1.0,11.0,137.0,0.245,0.298,0.401,0.699,38.0,39.0,2.6,2.0,1.0,C,0.8,1.75,81.0
0,Joey Bart,PIT,21524,663698.0,28,368.0,332.0,225.0,108.0,0.2928,28.0,0.07657142857142857,1.0,7.0,0.339,0.089,0.052,0.278,0.285,0.23,0.066,76.0,50.0,15.0,1.0,10.0,125.0,0.23,0.303,0.372,0.675,39.0,42.0,2.1,1.7,0.0,C,0.77,1.69,82.0
