,Player,Team,SAVID,$,PA,PA 600,AB,R,HR,RBI,SB,AVG,OBP,SLG,K,BB,H,FPts,Proj Rank,ADP,ADP Rank,Rank Diff
0,Shohei Ohtani,LAD,660271.0,21.25,680.0,600,510,112,39,85,24,0.283,0.386,0.595,137,83,143,1462,1.0,1.391812865497076,1.0,0.0
1,Aaron Judge,NYY,592450.0,21.21,648.0,600,477,103,43,98,7,0.279,0.421,0.613,155,114,133,1419,2.0,3.04093567251462,3.0,-1.0
2,Bobby Witt Jr.,KC,677951.0,18.82,670.0,600,545,100,31,91,21,0.305,0.365,0.568,98,48,166,1407,3.0,1.6900584795321638,2.0,1.0
3,Elly De La Cruz,CIN,682829.0,17.36,652.0,600,532,87,26,84,43,0.251,0.331,0.47,183,60,133,1331,7.0,4.526315789473684,4.0,3.0
4,Juan Soto,NYM,665742.0,17.81,674.0,600,483,100,34,86,7,0.289,0.423,0.569,106,112,139,1338,4.0,7.625730994152047,7.0,-3.0
5,Fernando Tatis Jr.,SD,665487.0,16.97,644.0,600,544,94,29,88,13,0.273,0.337,0.496,132,48,149,1240,15.0,10.56140350877193,10.0,5.0
6,Gunnar Henderson,BAL,683002.0,15.94,669.0,600,531,100,31,78,14,0.273,0.352,0.514,138,62,145,1269,11.5,5.87719298245614,6.0,5.5
7,Jose Ramirez,CLE,608070.0,15.08,664.0,600,530,93,23,82,31,0.271,0.352,0.475,76,64,143,1292,10.0,5.204678362573099,5.0,5.0
8,Francisco Lindor,NYM,596019.0,14.48,675.0,600,536,94,28,72,19,0.269,0.343,0.488,116,52,144,1233,17.0,14.590643274853802,14.0,3.0
9,Corbin Carroll,ARI,682998.0,14.62,660.0,600,526,94,21,68,28,0.255,0.343,0.454,115,61,134,1236,16.0,9.941520467836256,9.0,7.0
10,Kyle Tucker,CHC,663656.0,15.83,648.0,600,511,93,27,82,13,0.282,0.385,0.517,92,85,144,1269,11.5,7.906432748538012,8.0,3.5
11,Julio Rodriguez,SEA,677594.0,15.32,650.0,600,546,91,26,80,16,0.268,0.329,0.475,146,43,145,1192,28.0,13.883040935672517,12.0,16.0
12,Jackson Merrill,SD,701538.0,15.53,634.0,600,564,81,28,88,14,0.289,0.327,0.514,103,32,162,1228,18.0,27.86549707602339,24.0,-6.0
13,Jackson Chourio,MIL,694192.0,14.94,640.0,600,553,93,23,73,22,0.268,0.322,0.455,125,42,148,1195,27.0,17.46783625730994,16.0,11.0
14,Yordan Alvarez,HOU,670541.0,17.77,599.0,600,513,91,32,98,7,0.287,0.385,0.545,101,74,147,1328,9.0,16.27485380116959,15.0,-6.0
15,Vladimir Guerrero Jr.,TOR,665489.0,14.38,668.0,600,527,91,28,87,3,0.292,0.373,0.519,89,64,153,1220,20.0,14.099415204678362,13.0,7.0
16,Ronald Acuna Jr.,ATL,660670.0,17.76,575.0,600,523,102,25,81,22,0.296,0.381,0.507,94,63,155,1330,8.0,27.69005847953216,23.0,-15.0
17,Mookie Betts,LAD,605141.0,14.12,660.0,600,518,95,23,80,14,0.281,0.376,0.493,86,73,145,1242,14.0,11.239766081871345,11.0,3.0
18,Teoscar Hernandez,LAD,606192.0,15.25,625.0,600,546,83,28,96,7,0.248,0.313,0.468,177,45,135,1148,46.5,61.2280701754386,40.0,6.5
19,Lawrence Butler,OAK,671732.0,15.2,612.0,600,553,95,26,73,19,0.255,0.309,0.462,145,43,141,1191,29.0,65.06106870229007,47.5,-18.5
23,Jarren Duran,BOS,680776.0,13.26,656.0,600,548,95,17,66,22,0.271,0.331,0.458,135,44,149,1187,31.0,21.80701754385965,18.0,13.0
24,Marcell Ozuna,ATL,542303.0,15.05,630.0,600,534,85,30,99,2,0.271,0.348,0.5,147,60,144,1196,26.0,66.93567251461988,50.0,-24.0
25,Brent Rooker,OAK,667670.0,15.37,618.0,600,530,90,33,87,9,0.248,0.332,0.492,177,57,132,1209,23.0,61.81679389312977,42.5,-19.5
29,Ketel Marte,ARI,606466.0,12.95,628.0,600,526,91,24,79,6,0.275,0.361,0.492,107,66,145,1181,34.0,29.105263157894736,26.0,8.0
30,Michael Harris II,ATL,671739.0,15.69,595.0,600,557,84,27,89,13,0.287,0.333,0.498,116,33,160,1224,19.0,40.40350877192982,31.0,-12.0
31,Oneil Cruz,PIT,665833.0,13.89,620.0,600,541,80,25,87,21,0.246,0.315,0.45,178,53,133,1188,30.0,39.90643274853801,30.0,0.0
32,Bryce Harper,PHI,547180.0,13.49,636.0,600,511,89,24,85,9,0.266,0.371,0.476,133,82,135,1200,25.0,20.140350877192983,17.0,8.0
33,Pete Alonso,NYM,624413.0,12.9,658.0,600,520,81,30,88,3,0.237,0.336,0.463,142,64,123,1129,57.0,46.39181286549707,34.0,23.0
34,Wyatt Langford,TEX,694671.0,14.44,598.0,600,536,82,26,82,16,0.265,0.34,0.474,122,56,142,1208,24.0,43.44444444444444,33.0,-9.0
35,Luis Robert,CWS,673357.0,14.38,599.0,600,548,84,24,80,22,0.235,0.297,0.421,182,41,129,1147,48.5,81.25146198830409,58.0,-9.5
36,Matt Olson,ATL,621566.0,12.23,663.0,600,519,80,28,86,2,0.251,0.348,0.473,143,73,130,1140,52.0,32.538011695906434,28.0,24.0
37,James Wood,WSH,695578.0,13.84,594.0,600,522,77,23,82,20,0.273,0.364,0.47,158,69,142,1216,21.0,50.7953216374269,35.0,-14.0
38,Anthony Santander,TOR,623993.0,13.09,640.0,600,539,78,29,86,3,0.243,0.318,0.464,126,51,131,1117,68.5,86.6,61.5,7.0
42,Kyle Schwarber,PHI,656941.0,11.96,660.0,600,500,81,30,80,4,0.229,0.353,0.465,173,92,114,1122,63.0,68.16959064327486,51.0,12.0
43,Jose Altuve,HOU,514888.0,10.08,642.0,600,543,86,19,61,14,0.265,0.332,0.429,111,48,144,1085,108.5,54.61988304093568,37.0,71.5
44,William Contreras,MIL,661388.0,11.8,628.0,600,527,79,22,84,9,0.268,0.354,0.462,124,67,141,1137,54.0,25.98830409356725,22.0,32.0
45,Ezequiel Tovar,COL,678662.0,11.67,647.0,600,568,78,23,79,14,0.262,0.298,0.457,162,26,148,1122,63.0,131.24561403508773,95.0,-32.0
46,Mike Trout,LAA,545361.0,19.53,485.0,600,520,105,38,82,16,0.263,0.356,0.546,163,66,137,1332,5.5,107.83040935672514,73.0,-67.5
47,Bryan Reynolds,PIT,668804.0,11.54,656.0,600,535,83,21,72,9,0.264,0.34,0.451,132,53,141,1109,79.0,94.88888888888889,70.0,9.0
48,Trea Turner,PHI,607208.0,11.42,649.0,600,556,90,20,65,18,0.265,0.316,0.434,121,36,146,1116,70.5,25.380116959064328,21.0,49.5
49,Ozzie Albies,ATL,645277.0,10.58,627.0,600,551,77,19,79,10,0.261,0.319,0.429,97,42,144,1082,115.0,56.85964912280702,38.0,77.0
50,Freddie Freeman,LAD,518692.0,11.88,644.0,600,518,82,20,86,7,0.274,0.37,0.464,105,71,142,1161,40.0,23.84210526315789,20.0,20.0
51,Luis Rengifo,LAA,650859.0,12.41,541.0,600,550,83,16,70,32,0.265,0.324,0.407,102,42,145,1162,39.0,150.46198830409358,106.0,-67.0
52,Brenton Doyle,COL,686668.0,12.02,612.0,600,550,83,20,66,23,0.241,0.3,0.416,163,44,132,1104,84.0,73.53801169590643,53.0,31.0
53,Christian Walker,HOU,572233.0,12.1,627.0,600,531,77,27,88,4,0.247,0.331,0.459,135,59,131,1115,72.5,93.91228070175438,67.0,5.5
54,C.J. Abrams,WSH,682928.0,11.81,604.0,600,543,87,19,62,29,0.259,0.326,0.437,122,40,141,1159,42.0,52.187134502923975,36.0,6.0
55,Jordan Westburg,BAL,676059.0,12.28,569.0,600,553,80,21,85,12,0.261,0.315,0.454,136,35,144,1140,52.0,78.89473684210526,56.0,-4.0
56,Jazz Chisholm,NYY,665862.0,12.26,601.0,600,544,86,23,74,27,0.234,0.303,0.418,156,50,127,1140,52.0,23.350877192982452,19.0,33.0
57,Taylor Ward,LAA,621493.0,11.51,645.0,600,534,75,24,80,6,0.249,0.328,0.442,137,55,133,1087,105.0,182.10526315789477,124.0,-19.0
58,Ian Happ,CHC,664023.0,10.89,654.0,600,517,83,22,64,12,0.247,0.348,0.438,143,75,127,1113,74.5,126.0233918128655,91.0,-16.5
59,Austin Riley,ATL,663586.0,11.75,654.0,600,536,88,27,84,2,0.26,0.334,0.474,145,51,139,1144,50.0,28.39766081871345,25.0,25.0
60,Rafael Devers,BOS,646240.0,12.23,638.0,600,523,90,26,85,4,0.264,0.355,0.492,133,68,138,1181,34.0,32.42690058479532,27.0,7.0
61,Adolis Garcia,TEX,666969.0,12.31,607.0,600,542,75,26,82,9,0.236,0.305,0.438,166,49,128,1077,124.0,143.26315789473685,101.0,23.0
62,Cal Raleigh,SEA,663728.0,12.58,578.0,600,531,77,31,85,6,0.235,0.319,0.464,164,62,125,1125,59.5,80.39766081871345,57.0,2.5
63,Corey Seager,TEX,608369.0,15.19,555.0,600,529,96,33,84,2,0.282,0.362,0.539,107,62,149,1249,13.0,42.514619883040936,32.0,-19.0
64,Manny Machado,SD,592518.0,11.4,638.0,600,546,77,25,89,8,0.263,0.325,0.458,116,49,143,1122,63.0,33.32163742690059,29.0,34.0
65,Randy Arozarena,SEA,668227.0,11.07,628.0,600,515,70,20,78,17,0.236,0.341,0.411,149,67,122,1103,86.0,135.02923976608187,98.0,-12.0
66,Willy Adames,SF,642715.0,10.41,648.0,600,531,79,23,70,14,0.241,0.325,0.433,150,64,127,1103,86.0,78.39766081871345,54.0,32.0
67,Dylan Crews,WSH,686611.0,11.98,582.0,600,537,78,20,67,26,0.247,0.324,0.415,130,47,132,1125,59.5,128.50292397660817,92.0,-32.5
68,Lane Thomas,CLE,657041.0,13.0,556.0,600,547,76,19,79,27,0.242,0.306,0.412,153,44,131,1148,46.5,178.10526315789474,122.0,-75.5
69,Marcus Semien,TEX,543760.0,8.07,666.0,600,540,82,18,59,6,0.258,0.329,0.423,95,54,139,1019,206.0,85.3859649122807,59.0,147.0
70,Riley Greene,DET,682985.0,11.5,625.0,600,530,84,23,72,5,0.261,0.342,0.463,157,62,138,1115,72.5,106.84795321637426,72.0,0.5
71,Zack Gelof,OAK,680869.0,9.92,582.0,600,546,70,21,72,20,0.222,0.289,0.394,185,46,121,1058,144.5,219.87786259541983,152.5,-8.0
75,Bryson Stott,PHI,681082.0,10.08,570.0,600,545,74,14,71,25,0.256,0.322,0.394,100,49,140,1098,89.0,166.00584795321635,112.0,-23.0
76,Nick Castellanos,PHI,592206.0,11.22,623.0,600,553,75,21,81,6,0.261,0.314,0.437,145,38,144,1074,126.5,175.76608187134502,119.0,7.5
77,Matt McLain,CIN,680574.0,11.75,561.0,600,540,88,25,77,1,0.262,0.333,0.475,166,48,142,1116,70.5,90.2046783625731,65.0,5.5
78,Mark Vientos,NYM,668901.0,12.51,612.0,600,550,83,31,91,2,0.245,0.302,0.464,173,42,134,1119,67.0,96.0,71.0,-4.0
79,Seiya Suzuki,CHC,673548.0,12.86,562.0,600,528,77,22,83,14,0.261,0.345,0.455,149,64,137,1159,42.0,86.85380116959064,64.0,-22.0
80,Josh Naylor,ARI,647304.0,11.01,601.0,600,536,77,20,84,8,0.264,0.34,0.446,97,56,141,1111,77.0,94.57309941520468,69.0,8.0
81,Andres Gimenez,TOR,665926.0,8.63,599.0,600,545,69,14,69,21,0.249,0.315,0.383,102,33,136,1060,140.0,176.15204678362574,120.0,20.0
82,Christian Yelich,MIL,592885.0,12.89,541.0,600,519,85,17,72,24,0.267,0.364,0.433,128,76,138,1186,32.0,108.27485380116958,75.0,-43.0
83,Luis Garcia Jr.,WSH,671277.0,10.13,546.0,600,561,69,19,73,18,0.279,0.322,0.451,92,36,156,1121,65.0,124.06432748538012,86.0,-21.0
84,Dansby Swanson,CHC,621020.0,9.91,625.0,600,537,72,19,76,17,0.243,0.319,0.409,144,56,130,1079,121.0,189.3450292397661,132.0,-11.0
85,Jake Burger,TEX,669394.0,11.81,582.0,600,551,78,29,83,1,0.258,0.315,0.486,156,36,142,1113,74.5,115.08187134502924,78.0,-3.5
86,Brice Turang,MIL,668930.0,8.53,564.0,600,545,67,10,60,39,0.235,0.303,0.343,112,51,127,1060,140.0,132.859649122807,96.0,44.0
87,Pete Crow-Armstrong,CHC,691718.0,12.41,530.0,600,549,69,20,75,32,0.236,0.298,0.407,143,37,129,1128,58.0,141.28654970760235,99.0,-41.0
88,Matt Chapman,SF,656305.0,10.27,629.0,600,531,75,23,85,10,0.245,0.328,0.453,153,59,129,1117,68.5,130.02923976608187,93.0,-24.5
89,Salvador Perez,KC,521692.0,10.59,593.0,600,547,73,24,86,2,0.251,0.314,0.44,133,40,137,1065,134.5,72.64912280701755,52.0,82.5
90,Paul Goldschmidt,NYY,502671.0,10.35,616.0,600,541,74,21,83,7,0.246,0.317,0.422,158,53,133,1050,155.5,166.16959064327486,113.0,42.5
91,Josh Lowe,TB,666139.0,13.96,514.0,600,548,77,21,87,23,0.24,0.302,0.416,166,49,131,1151,44.0,164.6315789473684,111.0,-67.0
92,Xander Bogaerts,SD,593428.0,7.79,610.0,600,548,68,15,69,12,0.263,0.323,0.4,105,44,144,1010,226.0,153.4795321637427,108.0,118.0
93,Heliot Ramos,SF,671218.0,11.96,572.0,600,549,75,26,81,6,0.245,0.305,0.447,158,45,135,1081,117.0,203.92397660818716,141.5,-24.5
94,Yainer Diaz,HOU,673237.0,11.75,548.0,600,568,79,22,88,3,0.282,0.318,0.465,110,26,159,1106,82.0,57.83040935672515,39.0,43.0
95,Brandon Lowe,TB,664040.0,12.9,500.0,600,535,86,27,82,7,0.243,0.321,0.456,158,55,129,1124,61.0,218.3625730994152,148.0,-87.0
96,Jesus Sanchez,MIA,660821.0,12.66,536.0,600,541,76,23,81,14,0.258,0.327,0.452,155,52,139,1149,45.0,256.67836257309943,176.0,-131.0
97,Anthony Volpe,NYY,683011.0,9.12,614.0,600,550,70,16,70,24,0.236,0.297,0.381,144,43,129,1043,168.5,146.56140350877192,103.0,65.5
98,Cody Bellinger,NYY,641355.0,10.43,585.0,600,546,74,19,81,13,0.244,0.309,0.409,98,49,133,1070,129.0,109.046783625731,76.0,53.0
99,Bo Bichette,TOR,666182.0,9.74,616.0,600,560,85,17,68,10,0.273,0.319,0.427,115,35,152,1065,134.5,130.66081871345028,94.0,40.5
100,Brandon Nimmo,NYM,607043.0,10.47,597.0,600,521,75,20,74,10,0.247,0.342,0.419,138,65,128,1084,110.5,166.45029239766083,114.0,-3.5
101,Jorge Soler,LAA,624585.0,12.35,555.0,600,523,76,27,86,3,0.236,0.33,0.449,149,68,123,1095,94.0,221.23976608187132,156.0,-62.0
102,Masyn Winn,STL,691026.0,8.37,630.0,600,554,80,13,58,22,0.252,0.307,0.382,105,41,140,1031,190.5,166.4795321637427,115.0,75.5
103,Triston Casas,BOS,671213.0,10.82,580.0,600,514,75,26,85,0,0.246,0.35,0.466,159,81,127,1105,83.0,108.046783625731,74.0,9.0
104,Maikel Garcia,KC,672580.0,8.51,544.0,600,554,71,11,61,30,0.252,0.307,0.369,113,43,140,1055,149.5,213.31578947368425,145.0,4.5
105,Cedric Mullins II,BAL,656775.0,11.55,530.0,600,538,72,16,76,28,0.23,0.305,0.378,125,53,123,1083,112.5,211.01169590643275,143.0,-30.5
106,Lourdes Gurriel Jr.,ARI,666971.0,11.62,560.0,600,556,75,18,86,9,0.262,0.312,0.425,109,35,145,1088,103.5,217.69005847953213,147.0,-43.5
107,Willson Contreras,STL,575929.0,10.03,572.0,600,510,77,22,78,5,0.247,0.357,0.434,148,67,125,1095,94.0,78.73099415204679,55.0,39.0
108,Vinnie Pasquantino,KC,686469.0,9.47,608.0,600,539,75,18,81,3,0.267,0.338,0.44,79,54,144,1069,130.0,114.51461988304094,77.0,53.0
109,Andrew Vaughn,CWS,683734.0,9.51,608.0,600,550,72,21,82,3,0.247,0.305,0.421,127,38,136,1010,226.0,298.99415204678365,210.0,16.0
110,Kerry Carpenter,DET,681481.0,14.61,492.0,600,546,81,28,95,3,0.265,0.327,0.491,150,42,143,1167,37.5,189.69005847953213,133.0,-95.5
111,Gleyber Torres,DET,650402.0,6.68,634.0,600,537,73,15,63,5,0.253,0.328,0.396,109,57,136,979,278.0,225.7309941520468,157.0,121.0
112,Jurickson Profar,ATL,595777.0,9.04,619.0,600,526,84,16,59,8,0.266,0.354,0.419,100,63,139,1058,144.5,183.225,126.5,18.0
116,Jasson Dominguez,NYY,691176.0,11.77,524.0,600,531,74,21,73,23,0.229,0.315,0.402,154,62,121,1092,99.0,151.859649122807,107.0,-8.0
117,Alex Bregman,BOS,608324.0,8.76,641.0,600,536,77,18,81,4,0.273,0.348,0.442,82,55,146,1078,122.5,124.07407407407408,88.5,34.0
121,Jonathan India,KC,663697.0,7.0,605.0,600,511,81,14,53,11,0.253,0.361,0.402,120,67,129,1034,184.0,251.17543859649123,174.0,10.0
122,Colton Cowser,BAL,681297.0,10.86,551.0,600,527,72,23,77,10,0.233,0.323,0.427,177,60,123,1067,131.0,157.61988304093566,109.0,22.0
123,Yandy Diaz,TB,650490.0,7.75,659.0,600,538,84,18,59,0,0.278,0.349,0.44,99,53,150,1030,193.5,202.44444444444449,139.0,54.5
124,Steven Kwan,CLE,680757.0,7.75,654.0,600,533,83,10,54,12,0.27,0.348,0.385,66,59,144,1018,208.5,146.01169590643275,102.0,106.5
125,Jeremy Pena,HOU,665161.0,7.83,631.0,600,557,68,15,70,15,0.253,0.304,0.389,113,32,140,1005,235.5,170.95906432748538,117.0,118.5
126,George Springer,TOR,543807.0,9.23,599.0,600,537,73,16,74,9,0.239,0.316,0.377,118,55,128,1018,208.5,247.8830409356725,172.0,36.5
127,Spencer Steer,CIN,668715.0,10.13,550.0,600,526,73,19,72,20,0.245,0.334,0.417,126,63,129,1108,81.0,118.2280701754386,84.0,-3.0
128,Xavier Edwards,MIA,669364.0,8.0,588.0,600,541,78,8,52,33,0.268,0.337,0.369,106,55,144,1086,106.5,148.44444444444446,104.0,2.5
129,Byron Buxton,MIN,621439.0,15.13,452.0,600,544,83,29,90,11,0.242,0.31,0.469,164,42,131,1170,36.0,221.03508771929825,155.0,-119.0
130,Zach Neto,LAA,687263.0,9.94,550.0,600,536,75,20,73,16,0.24,0.317,0.413,138,41,128,1080,119.0,170.1812865497076,116.0,3.0
131,Adley Rutschman,BAL,668939.0,7.48,615.0,600,530,78,16,66,2,0.265,0.348,0.418,97,65,140,1017,213.0,62.333333333333336,45.0,168.0
132,JJ Bleday,OAK,668709.0,8.42,613.0,600,528,74,16,72,4,0.233,0.321,0.396,124,65,123,993,256.5,273.7022900763359,187.5,69.0
136,Junior Caminero,TB,691406.0,10.33,574.0,600,533,74,27,88,4,0.23,0.313,0.427,132,60,122,1073,128.0,92.19883040935672,66.0,62.0
137,Nico Hoerner,CHC,663538.0,7.23,533.0,600,543,68,7,63,25,0.269,0.336,0.37,73,45,146,1033,185.5,177.46198830409358,121.0,64.5
138,Shea Langeliers,OAK,669127.0,11.19,502.0,600,545,74,27,86,4,0.227,0.295,0.434,164,47,124,1064,136.5,115.793893129771,81.5,55.0
142,Brendan Donovan,STL,680977.0,7.0,573.0,600,537,74,13,64,7,0.268,0.342,0.405,83,48,144,1016,216.0,245.38011695906437,169.0,47.0
143,Christopher Morel,TB,666624.0,9.04,508.0,600,535,68,24,72,10,0.223,0.306,0.41,162,57,119,1025,201.0,271.39766081871346,184.0,17.0
144,Parker Meadows,DET,678009.0,9.38,532.0,600,536,69,16,65,25,0.221,0.301,0.376,151,58,118,1038,174.0,185.5146198830409,130.0,44.0
145,Alec Bohm,PHI,664761.0,8.34,614.0,600,551,74,17,80,6,0.272,0.328,0.433,92,42,150,1057,147.5,173.3859649122807,118.0,29.5
146,Willi Castro,MIN,650489.0,7.38,545.0,600,531,67,15,67,14,0.244,0.329,0.395,142,50,129,1028,196.0,226.41520467836256,158.0,38.0
147,Thairo Estrada,COL,642731.0,6.39,575.0,600,562,65,17,65,6,0.251,0.296,0.402,128,25,140,972,287.5,343.6117647058824,230.0,57.5
148,Jung Hoo Lee,SF,808982.0,9.65,547.0,600,551,74,13,77,8,0.282,0.338,0.414,65,40,155,1048,158.0,239.99415204678365,166.0,-8.0
149,Victor Robles,SEA,645302.0,9.3,523.0,600,542,78,12,53,32,0.23,0.303,0.347,114,37,125,1043,168.5,198.26315789473685,138.0,30.5
150,Lars Nootbaar,STL,663457.0,11.29,507.0,600,517,82,20,73,10,0.252,0.352,0.43,119,79,130,1109,79.0,268.39181286549706,183.0,-104.0
151,Colt Keith,DET,690993.0,8.2,522.0,600,555,70,17,74,6,0.26,0.313,0.407,118,41,143,1017,213.0,247.30409356725147,170.0,43.0
152,TJ Friedl,CIN,670770.0,10.01,527.0,600,533,86,15,64,13,0.245,0.325,0.393,97,48,130,1046,161.0,266.2163742690058,182.0,-21.0
153,Jo Adell,LAA,666176.0,12.22,462.0,600,550,74,23,74,24,0.216,0.278,0.397,179,40,119,1078,122.5,305.7836257309942,214.0,-91.5
154,Matt Wallner,MIN,670242.0,10.82,508.0,600,506,83,28,61,6,0.238,0.352,0.468,198,59,120,1120,66.0,274.63157894736844,192.0,-126.0
155,Ryan McMahon,COL,641857.0,6.82,630.0,600,531,74,21,65,5,0.247,0.33,0.429,175,63,131,1031,190.5,288.6432748538012,200.0,-9.5
156,Jordan Walker,STL,691023.0,10.35,515.0,600,545,72,22,74,8,0.255,0.321,0.432,139,46,138,1060,140.0,285.1169590643275,199.0,-59.0
157,Tommy Edman,LAD,669242.0,9.32,539.0,600,551,74,14,72,13,0.247,0.307,0.385,104,42,135,1015,217.0,191.23391812865495,135.0,82.0
158,Rhys Hoskins,MIL,656555.0,9.63,538.0,600,529,72,25,78,4,0.227,0.315,0.429,167,61,120,1039,172.0,282.1812865497076,194.0,-22.0
159,Luis Arraez,SD,650333.0,5.66,654.0,600,560,78,8,55,6,0.298,0.342,0.405,39,33,166,986,267.5,186.76608187134505,131.0,136.5
160,Isaac Paredes,HOU,670623.0,8.26,600.0,600,516,78,23,73,2,0.247,0.351,0.437,106,67,127,1083,112.5,202.47368421052636,140.0,-27.5
161,Matt Shaw,CHC,807713.0,12.34,470.0,600,542,82,22,80,24,0.263,0.331,0.441,122,45,142,1181,34.0,240.92397660818716,167.0,-133.0
162,Royce Lewis,MIN,668904.0,11.11,522.0,600,544,80,27,87,2,0.258,0.322,0.47,134,50,140,1109,79.0,115.66666666666669,79.0,0.0
163,Michael Toglia,COL,669911.0,8.72,542.0,600,536,68,24,71,9,0.226,0.305,0.426,189,59,121,1040,170.5,180.98245614035088,123.0,47.5
164,Brandon Marsh,PHI,669016.0,10.56,489.0,600,527,77,18,68,18,0.244,0.332,0.414,184,66,128,1092,99.0,328.9824561403509,222.0,-123.0
165,Will Smith,LAD,669257.0,9.53,501.0,600,522,75,22,77,3,0.255,0.349,0.449,110,62,132,1082,115.0,93.91812865497076,68.0,47.0
166,Garrett Mitchell,MIL,669003.0,11.69,459.0,600,534,70,19,79,24,0.224,0.306,0.391,190,61,120,1082,115.0,252.1695906432749,175.0,-60.0
167,Tyler Soderstrom,OAK,691016.0,9.67,522.0,600,536,72,26,78,2,0.234,0.312,0.435,152,55,125,1051,153.5,283.3053435114504,196.5,-43.0
171,Tyler Fitzgerald,SF,666149.0,8.21,536.0,600,554,68,16,69,20,0.232,0.29,0.38,177,40,128,1018,208.5,250.3391812865497,173.0,35.5
172,J.T. Realmuto,PHI,592663.0,10.36,462.0,600,544,74,22,76,12,0.252,0.319,0.437,154,44,136,1095,94.0,133.8187134502924,97.0,-3.0
173,Michael Busch,CHC,683737.0,8.24,550.0,600,528,68,20,77,6,0.224,0.315,0.404,171,64,117,1010,226.0,247.77777777777777,171.0,55.0
174,Logan O'Hoppe,LAA,681351.0,9.36,484.0,600,549,66,28,76,3,0.246,0.307,0.451,164,42,135,1045,163.5,121.63157894736842,85.0,78.5
175,Jake McCarthy,ARI,664983.0,9.02,506.0,600,544,69,9,72,22,0.256,0.324,0.37,105,42,139,1040,170.5,233.31578947368425,162.0,8.5
176,Nolan Arenado,STL,571448.0,6.64,620.0,600,548,70,16,77,2,0.262,0.322,0.406,98,45,143,997,245.5,219.046783625731,150.0,95.5
177,Carlos Correa,MIN,621043.0,9.21,533.0,600,530,82,21,70,2,0.261,0.343,0.444,120,63,138,1074,126.5,239.3625730994152,165.0,-38.5
178,Eugenio Suarez,ARI,553993.0,7.07,598.0,600,538,70,22,73,3,0.236,0.312,0.421,173,50,127,1022,203.0,160.046783625731,110.0,93.0
179,Nathaniel Lowe,WSH,663993.0,6.5,599.0,600,521,65,14,73,4,0.258,0.352,0.397,134,73,134,1008,231.0,259.53216374269005,179.0,52.0
180,Jake Cronenworth,SD,630105.0,6.15,595.0,600,530,64,16,68,5,0.247,0.332,0.399,111,56,131,989,261.5,277.72514619883043,193.0,68.5
181,Austin Wells,NYY,669224.0,9.6,476.0,600,530,74,25,75,4,0.235,0.32,0.432,124,60,124,1053,151.5,191.32748538011697,136.0,15.5
182,Ryan Mountcastle,BAL,663624.0,9.21,512.0,600,555,76,19,76,4,0.259,0.311,0.424,135,39,144,1038,174.0,238.62573099415204,164.0,10.0
183,Wilyer Abreu,BOS,677800.0,11.07,458.0,600,539,75,22,75,10,0.252,0.324,0.448,163,55,136,1097,90.0,297.99415204678365,209.0,-119.0
184,Alec Burleson,STL,676475.0,10.22,478.0,600,556,74,17,77,8,0.268,0.32,0.423,82,38,149,1057,147.5,228.58479532163744,160.0,-12.5
185,Joc Pederson,TEX,592626.0,12.38,436.0,600,509,77,26,86,9,0.254,0.364,0.465,136,75,129,1167,37.5,341.8830409356725,229.0,-191.5
186,Connor Norby,MIA,681393.0,7.36,565.0,600,545,75,21,64,11,0.234,0.299,0.404,173,45,127,1017,213.0,274.12865497076024,190.0,23.0
187,Tyler O'Neill,BAL,641933.0,10.31,473.0,600,526,71,26,74,6,0.224,0.315,0.431,176,62,117,1038,174.0,184.374269005848,129.0,45.0
188,Jeimer Candelario,CIN,600869.0,9.34,493.0,600,546,74,21,74,8,0.244,0.31,0.428,139,45,132,1055,149.5,309.3391812865497,217.0,-67.5
189,Otto Lopez,MIA,672640.0,6.85,458.0,600,559,62,14,61,18,0.276,0.323,0.413,106,37,154,1044,166.0,341.3333333333333,228.0,-62.0
190,Jacob Young,WSH,696285.0,7.34,496.0,600,547,66,7,56,32,0.24,0.305,0.329,117,39,130,995,250.0,309.0877192982456,216.0,34.0
191,Trevor Story,BOS,596115.0,8.7,497.0,600,544,71,18,72,16,0.224,0.293,0.384,184,45,121,1017,213.0,266.0643274853801,181.0,32.0
192,Josh Jung,TEX,673962.0,9.02,519.0,600,559,75,24,78,4,0.252,0.299,0.439,168,34,141,1044,166.0,203.92397660818716,141.5,24.5
193,Michael Conforto,LAD,624424.0,9.81,471.0,600,528,73,22,76,2,0.242,0.329,0.432,142,58,128,1037,177.0,292.9766081871345,202.0,-25.0
194,Tyler Stephenson,CIN,663886.0,8.65,470.0,600,534,70,20,79,2,0.254,0.333,0.426,144,56,135,1037,177.0,141.8187134502924,100.0,77.0
195,Jackson Holliday,BAL,702616.0,7.33,453.0,600,535,71,19,60,13,0.221,0.303,0.379,180,60,117,984,270.0,215.8830409356725,146.0,124.0
196,Trevor Larnach,MIN,663616.0,9.66,471.0,600,529,70,20,78,5,0.242,0.327,0.419,157,62,128,1036,179.5,347.8888888888889,232.0,-52.5
197,Nolan Schanuel,LAA,694384.0,5.57,554.0,600,518,64,12,63,10,0.259,0.358,0.38,100,71,134,995,250.0,331.7894736842105,226.0,24.0
198,Luke Raley,SEA,670042.0,9.37,458.0,600,531,70,23,75,11,0.218,0.304,0.407,176,39,115,1030,193.5,305.39766081871346,213.0,-19.5
199,Nolan Jones,COL,666134.0,7.93,483.0,600,526,65,18,67,9,0.247,0.336,0.416,176,69,130,1022,203.0,256.94152046783626,177.0,26.0
200,Spencer Horwitz,PIT,687462.0,5.18,555.0,600,524,62,18,57,5,0.261,0.351,0.422,117,63,137,997,245.5,323.3099415204678,221.0,24.5
201,Francisco Alvarez,NYM,682626.0,12.62,375.0,600,539,80,27,91,4,0.233,0.307,0.431,148,52,126,1095,94.0,148.94736842105263,105.0,-11.0
202,Keibert Ruiz,WSH,660688.0,6.62,479.0,600,561,66,17,68,4,0.26,0.305,0.403,71,28,145,969,294.5,211.69590643274853,144.0,150.5
203,Joey Ortiz,MIL,687401.0,5.22,558.0,600,532,65,13,65,15,0.234,0.319,0.372,124,61,124,982,272.0,299.8888888888889,211.0,61.0
204,Gabriel Moreno,ARI,672515.0,7.65,455.0,600,532,73,15,71,5,0.266,0.346,0.418,105,60,141,1028,196.0,192.6198830409357,137.0,59.0
205,Max Muncy,LAD,571970.0,8.17,524.0,600,502,70,24,75,1,0.216,0.34,0.417,160,85,108,1033,185.5,555.25,433.0,-247.5
214,Isiah Kiner-Falefa,PIT,643396.0,4.54,493.0,600,559,66,8,58,11,0.248,0.297,0.349,104,30,138,898,372.0,349.4970760233918,233.0,139.0
215,Ha-Seong Kim,TB,673490.0,8.33,436.0,600,524,68,15,64,27,0.235,0.329,0.369,111,70,122,1066,132.5,295.030303030303,206.5,-74.0
219,Ceddanne Rafaela,BOS,678882.0,9.39,420.0,600,570,70,20,70,19,0.244,0.28,0.402,158,22,138,1049,157.0,190.90058479532163,134.0,23.0
220,Ivan Herrera,STL,671056.0,10.32,367.0,600,532,76,21,73,10,0.286,0.363,0.467,129,58,152,1136,55.0,235.59649122807016,163.0,-108.0
221,Patrick Bailey,SF,672275.0,6.62,439.0,600,548,72,15,64,7,0.245,0.308,0.386,146,49,133,966,297.0,308.5730994152047,215.0,82.0
222,Evan Carter,TEX,694497.0,6.51,459.0,600,496,62,16,62,11,0.223,0.355,0.383,158,91,111,992,259.0,259.4327485380117,178.0,81.0
223,Ryan Jeffers,MIN,680777.0,7.13,406.0,600,537,67,20,70,3,0.24,0.316,0.416,135,48,128,982,272.0,230.05847953216372,161.0,111.0
224,Giancarlo Stanton,NYY,519317.0,11.19,363.0,600,542,76,34,77,1,0.217,0.288,0.452,186,52,117,1061,138.0,330.5654761904762,224.0,-86.0
225,Heston Kjerstad,BAL,677008.0,9.87,377.0,600,528,73,23,73,4,0.24,0.328,0.432,162,54,127,1035,182.0,329.2631578947368,223.0,-41.0
226,Alejandro Kirk,TOR,672386.0,6.23,415.0,600,534,66,15,69,2,0.268,0.345,0.412,78,57,143,994,253.5,274.3625730994152,191.0,62.5
227,Jose Caballero,TB,676609.0,9.46,297.0,600,535,66,12,62,45,0.212,0.296,0.332,153,44,113,1093,97.0,294.0877192982456,204.0,-107.0
228,Christian Encarnacion-Strand,CIN,687952.0,9.76,382.0,600,557,75,25,76,2,0.246,0.298,0.439,163,32,136,1035,182.0,242.46783625730995,168.0,14.0
229,Kristian Campbell,BOS,692225.0,13.13,269.0,600,524,82,22,80,18,0.28,0.37,0.468,138,60,147,1215,22.0,290.7836257309942,201.0,-179.0
230,Bo Naylor,CLE,666310.0,6.35,397.0,600,539,64,18,66,10,0.21,0.288,0.366,167,57,113,945,323.0,300.859649122807,212.0,111.0
231,Roman Anthony,BOS,701350.0,8.84,364.0,600,525,69,18,67,15,0.226,0.32,0.384,158,69,118,1027,198.0,273.70175438596493,185.0,13.0
232,Sean Murphy,ATL,669221.0,8.45,360.0,600,523,73,23,71,2,0.238,0.333,0.425,138,60,125,1036,179.5,226.80701754385964,159.0,20.5
233,Connor Wong,BOS,657136.0,6.07,385.0,600,551,67,14,65,8,0.243,0.301,0.383,160,35,134,962,300.5,218.92397660818716,149.0,151.5
234,Danny Jansen,TB,643376.0,7.39,366.0,600,524,67,22,72,2,0.221,0.317,0.405,119,63,116,981,275.0,331.0701754385965,225.0,50.0
235,Jonathan Aranda,TB,666018.0,7.39,390.0,600,533,67,24,69,1,0.228,0.309,0.418,150,56,121,981,275.0,323.14619883040933,220.0,55.0
236,Matt Vierling,DET,663837.0,4.84,481.0,600,546,67,16,64,5,0.244,0.308,0.387,127,46,133,950,319.0,322.15204678362574,219.0,100.0
237,Orelvis Martinez,TOR,682619.0,8.94,216.0,600,536,72,25,72,2,0.236,0.313,0.435,158,50,127,1021,205.0,535.736,380.0,-175.0
238,Mitch Haniger,SEA,571745.0,6.63,340.0,600,543,63,19,67,2,0.22,0.29,0.376,174,49,120,911,362.5,538.9166666666666,387.0,-24.5
239,Miguel Vargas,CWS,678246.0,5.61,422.0,600,526,69,14,69,13,0.196,0.293,0.326,132,65,103,938,328.5,443.51461988304095,289.0,39.5
240,Mike Tauchman,CWS,643565.0,6.67,391.0,600,514,73,15,52,10,0.249,0.353,0.387,128,78,127,1007,232.5,493.8657718120805,323.0,-90.5
241,Anthony Rizzo,,519203.0,4.92,314.0,600,527,61,21,59,2,0.222,0.313,0.381,124,49,116,927,344.5,539.4736842105264,389.0,-44.5
242,Mike Yastrzemski,SF,573262.0,6.85,476.0,600,534,65,18,66,4,0.225,0.307,0.398,160,56,119,954,312.5,454.2280701754386,294.0,18.5
243,Mitch Garver,SEA,641598.0,4.77,312.0,600,519,61,21,61,1,0.203,0.306,0.367,173,71,105,911,362.5,458.7678571428572,295.0,67.5
244,Oswaldo Cabrera,NYY,665828.0,4.84,356.0,600,551,69,13,62,11,0.232,0.291,0.354,123,43,128,925,348.0,552.9493670886076,425.0,-77.0
245,Nick Fortes,MIA,663743.0,1.43,345.0,600,561,59,8,52,2,0.23,0.278,0.326,92,26,128,791,394.0,554.8059701492538,427.0,-33.0
246,Andy Pages,LAD,681624.0,8.45,288.0,600,543,60,29,62,4,0.264,0.329,0.488,143,39,143,1066,132.5,366.22222222222223,250.0,-117.5
247,Nick Yorke,PIT,694377.0,7.96,202.0,600,543,68,17,65,15,0.254,0.321,0.403,145,47,139,1037,177.0,478.6606060606061,312.0,-135.0
248,Noelvi Marte,CIN,682622.0,9.43,185.0,600,561,71,22,71,21,0.253,0.3,0.42,152,32,142,1092,99.0,346.32163742690057,231.0,-132.0
249,Oswald Peraza,NYY,672724.0,6.62,194.0,600,531,68,15,64,22,0.227,0.313,0.36,139,49,120,1018,208.5,554.3333333333334,426.0,-217.5
250,Oscar Colas,CWS,693049.0,,176.0,600,559,64,17,64,11,0.233,0.283,0.374,156,34,129,934,334.0,,,
251,Nolan Gorman,STL,669357.0,11.89,438.0,600,536,73,32,79,8,0.232,0.309,0.469,200,57,124,1112,76.0,389.3099415204678,263.0,-187.0
252,Oliver Dunn,MIL,686554.0,8.29,282.0,600,553,76,19,65,21,0.222,0.279,0.371,191,38,123,1026,199.5,550.0,417.5,-218.0
253,Orlando Arcia,ATL,606115.0,6.13,506.0,600,552,69,16,68,3,0.233,0.292,0.37,123,43,128,923,350.0,431.2105263157895,280.0,70.0
254,Andy Ibanez,DET,628451.0,,205.0,600,556,67,14,64,8,0.248,0.301,0.382,125,38,137,962,300.5,,,
255,Nick Gonzales,PIT,693304.0,7.15,462.0,600,557,67,16,68,9,0.25,0.302,0.403,128,32,138,987,264.5,399.8187134502924,268.0,-3.5
256,Chris Taylor,LAD,621035.0,5.11,269.0,600,533,64,15,62,7,0.213,0.3,0.357,196,60,113,918,357.0,551.8,419.0,-62.0
257,Paul DeJong,WSH,657557.0,5.19,332.0,600,556,65,21,65,4,0.22,0.274,0.389,182,32,122,919,354.5,481.54651162790697,315.5,39.0
261,Pavin Smith,ARI,656976.0,10.39,325.0,600,526,73,24,73,5,0.255,0.343,0.454,129,68,134,1091,101.0,401.2923976608187,270.0,-169.0
262,Tirso Ornelas,SD,672359.0,7.71,309.0,600,545,71,19,62,6,0.235,0.303,0.39,124,48,128,970,291.5,533.1368421052632,377.0,-85.5
263,Tom Murphy,SF,608596.0,6.42,151.0,600,552,67,19,67,1,0.245,0.304,0.416,162,43,135,939,326.0,557.0,443.0,-117.0
264,Tommy Pham,PIT,502054.0,5.97,476.0,600,545,73,13,52,8,0.243,0.308,0.381,141,47,132,935,332.0,545.1212121212121,408.5,-76.5
268,Travis d'Arnaud,LAA,518595.0,8.23,264.0,600,550,72,22,72,2,0.238,0.296,0.415,150,36,131,996,247.0,382.859649122807,260.0,-13.0
269,Trent Grisham,NYY,663757.0,,220.0,600,523,70,24,68,10,0.21,0.31,0.398,163,70,109,1032,187.5,,,
270,Trey Sweeney,DET,700242.0,8.6,296.0,600,551,79,18,64,14,0.231,0.29,0.387,154,38,127,1007,232.5,492.9815950920245,322.0,-89.5
271,Ty France,MIN,664034.0,6.87,414.0,600,531,69,17,68,3,0.258,0.339,0.412,118,43,137,1012,222.5,514.2456140350877,351.5,-129.0
275,Tyler Black,MIL,672012.0,5.1,252.0,600,523,59,16,57,16,0.212,0.311,0.355,164,61,111,946,322.0,542.1,398.0,-76.0
276,Tyler Freeman,CLE,671289.0,7.99,176.0,600,531,71,10,68,17,0.231,0.317,0.349,95,40,122,959,307.5,580.1666666666666,473.0,-165.5
277,Tyrone Taylor,NYM,621438.0,11.07,299.0,600,555,78,18,76,14,0.237,0.291,0.397,140,32,132,1044,166.0,534.9411764705883,379.0,-213.0
278,Victor Caratini,HOU,605170.0,4.63,220.0,600,534,62,16,62,1,0.245,0.325,0.379,120,51,130,932,338.0,528.9777777777778,368.0,-30.0
279,Victor Scott II,STL,687363.0,9.16,256.0,600,555,67,16,63,29,0.206,0.261,0.336,154,32,114,1003,240.0,436.093567251462,284.0,-44.0
280,Wenceel Perez,DET,672761.0,5.11,343.0,600,551,61,12,54,14,0.233,0.294,0.358,129,47,127,915,359.5,515.6328125,355.0,4.5
281,Whit Merrifield,,593160.0,8.36,196.0,600,551,70,12,67,21,0.268,0.325,0.393,104,42,146,1075,125.0,560.3571428571429,453.0,-328.0
282,Will Benson,CIN,666181.0,11.15,202.0,600,528,74,20,65,29,0.211,0.3,0.389,207,65,112,1080,119.0,555.6037735849056,438.0,-319.0
283,Will Brennan,CLE,686823.0,8.54,272.0,600,555,68,13,70,13,0.268,0.318,0.396,83,33,150,1010,226.0,542.5555555555555,399.0,-173.0
284,Will Wagner,TOR,695238.0,6.6,338.0,600,557,71,15,67,4,0.242,0.294,0.386,108,35,134,938,328.5,495.0987654320988,325.0,3.5
285,Agustin Ramirez,MIA,682663.0,7.77,244.0,600,538,68,17,66,16,0.238,0.311,0.387,125,51,127,1013,220.0,449.2941176470589,292.0,-72.0
286,Wilmer Flores,SF,527038.0,6.37,354.0,600,535,67,18,66,2,0.252,0.328,0.415,91,54,135,986,267.5,566.0,460.0,-192.5
287,Yasmani Grandal,,518735.0,6.96,183.0,600,537,68,19,68,0,0.277,0.351,0.453,127,59,147,1031,190.5,550.0,417.5,-227.0
288,Yoan Moncada,LAA,660162.0,7.21,463.0,600,550,71,18,75,7,0.24,0.299,0.401,169,40,132,995,250.0,536.2121212121212,383.5,-133.5
292,Adam Frazier,PIT,624428.0,,250.0,600,547,60,9,57,5,0.244,0.31,0.356,103,45,134,887,380.0,,,
293,Zach McKinstry,DET,656716.0,5.34,227.0,600,544,66,13,60,20,0.234,0.301,0.371,129,47,126,993,256.5,543.7416666666667,401.0,-144.5
294,Thomas Saggese,STL,695336.0,5.82,223.0,600,556,64,16,64,7,0.23,0.284,0.37,153,32,129,929,342.5,547.2272727272727,413.0,-70.5
295,Alek Thomas,ARI,677950.0,8.81,305.0,600,556,70,13,70,17,0.241,0.292,0.376,120,35,133,1004,238.0,518.8246753246754,357.0,-119.0
296,Taylor Walls,TB,670764.0,4.99,224.0,600,527,61,10,53,30,0.192,0.287,0.296,155,69,101,932,338.0,552.2857142857143,424.0,-86.0
297,Alex Verdugo,,657077.0,4.52,415.0,600,550,62,11,60,3,0.239,0.299,0.366,93,44,131,885,381.0,496.6162790697674,327.0,54.0
298,Pedro Pages,STL,686780.0,4.11,208.0,600,542,63,11,63,5,0.225,0.297,0.344,155,49,121,884,382.5,526.7401574803149,366.0,16.5
299,Andrew McCutchen,PIT,457705.0,6.23,458.0,600,518,64,18,70,3,0.226,0.328,0.388,148,73,117,965,298.0,559.074074074074,448.0,-150.0
300,Andrew Benintendi,CWS,643217.0,6.77,476.0,600,545,69,12,66,5,0.256,0.32,0.383,102,50,139,961,303.0,397.6432748538012,266.0,37.0
301,Ramon Laureano,BAL,657656.0,8.82,250.0,600,547,69,19,67,12,0.238,0.303,0.403,175,38,129,1009,229.5,522.5227272727273,361.5,-132.0
305,Ramon Urias,BAL,602104.0,4.04,275.0,600,545,65,15,63,3,0.246,0.313,0.387,130,45,133,940,325.0,558.0769230769231,446.0,-121.0
306,Randal Grichuk,ARI,545341.0,10.62,270.0,600,553,77,22,77,1,0.265,0.319,0.454,120,37,146,1080,119.0,548.9883720930233,416.0,-297.0
307,Richie Palacios,TB,680700.0,6.95,315.0,600,527,66,13,62,21,0.232,0.323,0.355,112,64,121,1006,234.0,496.5739644970414,326.0,-92.0
308,Amed Rosario,WSH,642708.0,7.32,230.0,600,568,67,10,65,21,0.26,0.297,0.378,117,26,148,995,250.0,532.1666666666666,374.5,-124.5
312,Rob Refsnyder,BOS,608701.0,7.53,232.0,600,527,69,15,67,5,0.262,0.351,0.405,144,62,137,1017,213.0,560.9090909090909,454.0,-241.0
313,Robbie Grossman,,543257.0,,167.0,600,520,53,10,53,7,0.224,0.323,0.34,147,71,118,880,384.5,,,
314,Ryan Bliss,SEA,669208.0,12.82,254.0,600,545,75,18,73,42,0.226,0.292,0.379,167,42,122,1159,42.0,548.574074074074,414.0,-372.0
315,Stuart Fairchild,CIN,656413.0,,231.0,600,532,70,20,67,28,0.223,0.309,0.391,158,49,119,1099,88.0,,,
316,Ryan O'Hearn,BAL,656811.0,8.51,395.0,600,543,72,19,74,4,0.262,0.327,0.427,104,50,142,1051,153.5,349.9356725146199,235.0,-81.5
317,Sal Frelick,MIL,686217.0,6.36,437.0,600,539,63,8,60,21,0.245,0.319,0.344,94,54,131,972,287.5,394.9356725146199,265.0,22.5
318,Sam Hilliard,COL,656541.0,10.22,218.0,600,539,68,24,68,17,0.226,0.303,0.416,187,57,121,1064,136.5,556.5416666666666,441.0,-304.5
319,Santiago Espinal,CIN,669289.0,6.46,225.0,600,552,66,10,64,16,0.261,0.318,0.374,88,42,144,970,291.5,567.4444444444445,463.0,-171.5
320,Miguel Amaya,CHC,665804.0,5.25,324.0,600,540,68,16,61,2,0.237,0.312,0.384,118,42,127,927,344.5,380.0116959064328,258.0,86.5
321,Sean Bouchard,COL,656248.0,8.5,166.0,600,534,68,18,65,13,0.241,0.321,0.394,166,54,130,1046,161.0,593.0,475.0,-314.0
322,Seth Brown,OAK,664913.0,7.05,335.0,600,549,66,19,69,7,0.228,0.288,0.4,164,44,125,978,279.0,466.4427480916031,303.5,-24.5
326,Alex Call,WSH,669743.0,6.05,236.0,600,523,63,12,58,16,0.229,0.327,0.357,111,66,119,963,299.0,561.8333333333334,457.0,-158.0
327,Spencer Torkelson,DET,679529.0,6.9,279.0,600,535,70,19,68,4,0.218,0.299,0.385,154,55,116,953,314.5,376.15204678362574,257.0,57.5
328,Starling Marte,NYM,516782.0,9.8,293.0,600,544,73,14,71,18,0.253,0.318,0.386,135,40,137,1046,161.0,380.5029239766082,259.0,-98.0
329,Miguel Andujar,OAK,609280.0,8.31,324.0,600,568,74,12,72,6,0.261,0.3,0.384,88,29,148,960,305.5,531.5384615384615,370.5,-65.0
333,Blake Perkins,MIL,663368.0,6.64,247.0,600,534,63,12,58,22,0.218,0.303,0.335,150,63,116,969,294.5,517.3196721311475,356.0,-61.5
334,Mickey Moniak,LAA,666160.0,10.4,311.0,600,561,71,23,71,14,0.227,0.274,0.404,175,30,127,1022,203.0,559.5192307692307,450.0,-247.0
335,Ernie Clement,TOR,676391.0,6.95,320.0,600,570,71,13,69,16,0.262,0.298,0.387,65,24,148,1004,238.0,386.578947368421,262.0,-24.0
336,Carlos Narvaez,BOS,665966.0,5.33,190.0,600,527,63,15,63,9,0.224,0.32,0.368,173,63,116,926,346.5,563.6666666666666,459.0,-112.5
337,Caleb Durbin,MIL,702332.0,11.12,249.0,600,525,74,16,72,30,0.25,0.341,0.393,72,50,132,1147,48.5,421.8888888888889,278.0,-229.5
338,Freddy Fermin,KC,666023.0,4.81,283.0,600,557,65,12,63,4,0.252,0.303,0.371,118,38,139,924,349.0,362.578947368421,246.0,103.0
339,Gabriel Arias,CLE,672356.0,7.7,184.0,600,547,71,16,71,21,0.214,0.278,0.361,189,45,117,988,263.0,575.0,472.0,-209.0
340,Gary Sanchez,BAL,596142.0,6.57,248.0,600,537,67,21,67,2,0.219,0.296,0.39,159,50,118,952,316.0,519.0387096774193,358.0,-42.0
341,Gavin Lux,CIN,666158.0,5.56,550.0,600,540,61,16,62,7,0.256,0.328,0.407,132,56,138,995,250.0,358.709219858156,242.5,7.5
345,Geraldo Perdomo,ARI,672695.0,3.95,512.0,600,528,66,9,56,11,0.23,0.321,0.338,100,64,121,918,357.0,453.1461988304093,293.0,64.0
346,Gio Urshela,OAK,570482.0,4.06,375.0,600,560,67,12,65,1,0.27,0.316,0.394,102,36,150,951,317.5,503.296,331.5,-14.0
350,Griffin Conine,MIA,665052.0,7.54,324.0,600,548,66,22,66,1,0.235,0.298,0.409,168,42,129,951,317.5,539.925925925926,390.0,-72.5
351,Harrison Bader,MIN,664056.0,10.92,332.0,600,556,74,16,72,22,0.253,0.305,0.403,121,34,140,1086,106.5,510.8787878787879,340.5,-234.0
355,Hunter Renfroe,KC,592669.0,5.38,382.0,600,546,61,15,64,2,0.231,0.298,0.373,131,50,125,903,368.5,539.956834532374,391.0,-22.5
356,J.D. Martinez,,502110.0,8.24,391.0,600,544,72,23,72,0,0.242,0.309,0.431,174,49,131,1010,226.0,557.7777777777778,444.0,-218.0
357,J.P. Crawford,SEA,641487.0,5.9,564.0,600,518,65,17,63,7,0.244,0.345,0.399,126,74,126,1005,235.5,442.2352941176471,288.0,-52.5
358,Jace Jung,DET,690291.0,2.59,347.0,600,520,57,17,58,5,0.208,0.311,0.357,165,74,108,892,375.5,480.6804733727811,313.0,62.5
359,Bryan De La Cruz,ATL,650559.0,3.15,217.0,600,561,47,19,47,6,0.247,0.292,0.41,149,33,138,877,386.0,429.7202380952381,279.0,107.0
360,Brooks Lee,MIN,686797.0,5.88,416.0,600,552,70,14,63,7,0.241,0.298,0.371,115,44,132,938,328.5,398.65497076023394,267.0,61.5
361,Jacob Melton,HOU,689200.0,12.6,200.0,600,552,75,21,72,31,0.217,0.278,0.37,153,42,120,1103,86.0,527.4455445544554,367.0,-281.0
362,Jacob Stallings,COL,607732.0,4.26,288.0,600,537,66,14,58,1,0.243,0.319,0.386,145,52,131,919,354.5,487.0496894409938,319.0,35.5
363,Jacob Wilson,OAK,805779.0,2.22,489.0,600,544,63,6,55,4,0.244,0.313,0.327,66,45,132,856,390.0,354.5496183206107,237.5,152.5
367,Jake Fraley,CIN,641584.0,12.0,408.0,600,542,73,17,75,27,0.255,0.324,0.41,113,48,138,1133,56.0,402.9590643274854,271.0,-215.0
368,Jake Meyers,HOU,676694.0,7.75,416.0,600,543,70,17,63,10,0.23,0.3,0.384,141,43,125,972,287.5,473.0473372781065,308.0,-20.5
369,Jake Rogers,DET,668670.0,6.52,341.0,600,550,66,22,66,2,0.22,0.282,0.394,179,42,121,932,338.0,485.9580838323353,318.0,20.0
370,James McCann,,543510.0,6.63,186.0,600,558,67,19,67,3,0.245,0.294,0.405,148,32,135,958,309.5,592.0,474.0,-164.5
371,Brooks Baldwin,CWS,681460.0,10.8,180.0,600,560,73,20,73,20,0.26,0.307,0.418,150,36,146,1088,103.5,572.3636363636364,470.0,-366.5
372,Jared Triolo,PIT,669707.0,3.04,243.0,600,533,56,12,54,9,0.225,0.311,0.338,162,59,120,892,375.5,551.9090909090909,421.0,-45.5
373,Jarred Kelenic,ATL,672284.0,7.26,241.0,600,542,62,19,64,9,0.237,0.305,0.412,176,52,129,977,280.0,475.1705882352941,309.0,-29.0
374,Jason Heyward,SD,518792.0,6.31,323.0,600,542,63,16,63,7,0.23,0.302,0.373,118,50,124,938,328.5,498.0,328.0,0.5
375,Carlos Santana,CLE,467793.0,8.27,555.0,600,531,69,19,78,4,0.239,0.323,0.404,107,63,126,1013,220.0,364.7543859649123,247.0,-27.0
376,Enrique Hernandez,LAD,571771.0,4.37,274.0,600,551,67,15,67,1,0.233,0.293,0.373,120,41,129,908,365.5,554.8936170212766,428.0,-62.5
377,Mike Siani,STL,672279.0,,249.0,600,556,60,7,55,22,0.219,0.276,0.301,159,38,122,884,382.5,,,
378,Endy Rodriguez,PIT,682848.0,4.43,363.0,600,530,61,14,61,6,0.23,0.317,0.366,140,62,122,918,357.0,434.0355029585799,281.0,76.0
379,Christian Moore,LAA,695681.0,4.4,283.0,600,553,61,14,59,9,0.209,0.269,0.329,175,38,116,864,389.0,492.8924050632912,321.0,68.0
380,Christian Vazquez,MIN,543877.0,3.89,290.0,600,562,62,10,62,5,0.239,0.283,0.352,134,31,134,870,388.0,556.2285714285714,439.0,-51.0
381,Chase Meidroth,CWS,805367.0,4.58,262.0,600,510,61,13,59,11,0.237,0.349,0.358,114,75,121,969,294.5,544.5238095238095,403.5,-109.0
385,Coby Mayo,BAL,691723.0,6.21,153.0,600,529,66,23,66,6,0.232,0.319,0.408,160,58,121,999,242.5,368.22222222222223,251.0,-8.5
386,Colson Montgomery,CWS,695657.0,3.64,410.0,600,520,58,16,57,7,0.207,0.311,0.347,175,60,108,901,370.0,489.4907975460123,320.0,50.0
387,Connor Joe,SD,656582.0,3.03,299.0,600,527,58,14,56,3,0.225,0.317,0.361,136,62,118,897,373.0,542.0,394.5,-21.5
391,Chas McCormick,HOU,676801.0,10.97,413.0,600,537,71,20,72,21,0.239,0.315,0.409,153,50,127,1085,108.5,444.1812865497076,290.0,-181.5
392,D.J. LeMahieu,NYY,518934.0,3.43,322.0,600,534,61,13,57,2,0.241,0.32,0.362,124,59,128,891,377.5,542.0408163265306,397.0,-19.5
393,Dairon Blanco,KC,680118.0,17.94,173.0,600,551,79,13,76,78,0.229,0.289,0.367,145,41,124,1332,5.5,545.0888888888888,406.0,-400.5
394,Dane Myers,MIA,667472.0,9.58,268.0,600,548,71,15,69,19,0.248,0.311,0.386,167,38,136,1045,163.5,552.0,422.0,-258.5
395,Daulton Varsho,TOR,662139.0,7.12,590.0,600,541,63,17,68,10,0.206,0.282,0.355,150,52,111,941,324.0,349.87719298245617,234.0,90.0
396,David Fry,CLE,681807.0,7.89,180.0,600,526,70,20,70,6,0.241,0.332,0.408,136,56,126,1050,155.5,462.4940476190476,301.0,-145.5
397,David Peralta,,444482.0,,248.0,600,554,62,12,60,2,0.245,0.299,0.372,120,41,135,894,374.0,,,
398,Davis Schneider,TOR,676914.0,6.08,222.0,600,521,64,21,62,6,0.207,0.306,0.389,183,67,108,961,303.0,556.3,440.0,-137.0
399,Derek Hill,MIA,656537.0,6.22,256.0,600,564,63,14,60,13,0.224,0.265,0.346,171,28,126,903,368.5,548.6538461538462,415.0,-46.5
400,Deyvison De Los Santos,MIA,691277.0,7.21,352.0,600,565,69,22,68,2,0.225,0.267,0.397,170,28,127,931,340.5,416.3157894736842,274.0,66.5
401,Dillon Dingler,DET,693307.0,7.62,237.0,600,551,68,22,68,6,0.231,0.289,0.408,177,30,126,987,264.5,558.925925925926,447.0,-182.5
402,Donovan Solano,SEA,456781.0,3.65,356.0,600,537,62,10,60,3,0.253,0.327,0.363,138,47,136,908,365.5,570.2,465.5,-100.0
406,Drew Romo,COL,691011.0,3.8,212.0,600,560,62,14,59,3,0.22,0.269,0.348,175,31,124,841,391.0,546.7903225806451,412.0,-21.0
407,Dylan Moore,SEA,664238.0,7.9,372.0,600,514,67,17,58,29,0.199,0.31,0.353,175,67,101,1026,199.5,358.7309941520468,245.0,-45.5
408,Edgar Quero,CWS,700337.0,6.86,172.0,600,523,69,17,69,2,0.262,0.351,0.422,122,55,136,1002,241.0,441.01807228915663,287.0,-46.0
409,Edmundo Sosa,PHI,624641.0,7.77,190.0,600,552,69,18,69,9,0.242,0.301,0.407,145,25,132,1014,218.0,521.9230769230769,359.0,-141.0
410,Edouard Julien,MIN,666397.0,7.09,314.0,600,521,68,19,63,11,0.222,0.322,0.383,189,74,114,989,261.5,545.3461538461538,411.0,-149.5
411,Eguy Rosario,SD,666703.0,6.55,226.0,600,560,69,18,66,15,0.216,0.263,0.362,175,29,122,955,311.0,557.8235294117648,445.0,-134.0
412,Elias Diaz,SD,553869.0,4.31,320.0,600,556,61,15,61,2,0.243,0.295,0.374,131,37,135,891,377.5,514.3363636363637,354.0,23.5
413,Carson Kelly,CHC,608348.0,5.23,292.0,600,542,65,16,63,3,0.235,0.308,0.38,123,49,127,933,336.0,540.640625,392.0,-56.0
414,Eloy Jimenez,TB,650391.0,2.78,221.0,600,553,48,19,51,5,0.248,0.302,0.403,119,40,138,908,365.5,522.6857142857143,364.0,1.5
415,Javier Baez,DET,595879.0,6.61,327.0,600,559,66,16,66,13,0.224,0.273,0.36,141,29,124,934,334.0,570.3684210526316,468.0,-134.0
416,Javier Sanoja,MIA,691594.0,,181.0,600,560,66,9,62,14,0.258,0.306,0.367,62,36,145,954,312.5,,,
417,Brett Wisely,SF,689172.0,3.89,156.0,600,561,57,15,57,9,0.214,0.264,0.338,153,34,119,876,387.0,560.25,451.0,-64.0
418,Kris Bryant,COL,592178.0,5.06,429.0,600,534,62,13,71,1,0.238,0.319,0.374,138,51,127,920,352.5,498.85064935064935,329.0,23.5
419,Kyle Higashioka,TEX,543309.0,9.04,286.0,600,564,73,25,73,4,0.223,0.267,0.405,165,33,125,998,244.0,390.85380116959067,264.0,-20.0
420,Kyle Isbel,KC,664728.0,8.46,458.0,600,555,73,11,64,20,0.24,0.294,0.367,121,37,133,999,242.5,543.2336448598131,400.0,-157.5
421,Kyle Manzardo,CLE,700932.0,9.41,442.0,600,552,73,25,78,2,0.221,0.279,0.423,152,38,122,993,256.5,375.51461988304095,256.0,0.5
422,Brandon Drury,CWS,592273.0,5.35,270.0,600,551,64,17,64,2,0.23,0.291,0.373,146,40,126,920,352.5,539.4347826086956,388.0,-35.5
423,Kyle Stowers,MIA,669065.0,7.58,383.0,600,553,67,20,68,2,0.233,0.291,0.399,187,39,128,958,309.5,512.0723684210526,343.0,-33.5
424,Kyle Teel,CWS,691019.0,8.35,184.0,600,531,71,19,68,11,0.251,0.333,0.404,150,61,133,1058,144.5,513.2923076923076,347.5,-203.0
428,LaMonte Wade Jr.,SF,664774.0,7.79,455.0,600,503,84,17,60,4,0.255,0.373,0.414,123,87,127,1059,142.0,459.140350877193,296.0,-154.0
429,Lenyn Sosa,CWS,672820.0,5.14,359.0,600,569,56,18,63,4,0.258,0.291,0.414,132,23,147,926,346.5,466.9349112426036,306.0,40.5
430,Leody Taveras,TEX,665750.0,7.43,344.0,600,551,61,15,57,23,0.25,0.309,0.397,127,45,137,1028,196.0,445.49122807017545,291.0,-95.0
431,Luis Campusano,SD,669134.0,6.89,301.0,600,556,69,17,69,2,0.262,0.312,0.411,85,35,145,976,281.5,399.94152046783626,269.0,12.5
432,Luis Matos,SF,682641.0,7.54,201.0,600,552,71,11,68,9,0.256,0.312,0.386,86,38,140,974,285.0,561.03125,455.0,-170.0
433,Ben Rortvedt,TB,666163.0,1.52,231.0,600,524,54,12,54,3,0.2,0.298,0.307,155,64,103,799,393.0,523.8571428571429,365.0,28.0
434,Ben Gamel,HOU,592325.0,4.5,190.0,600,514,60,15,56,3,0.235,0.339,0.376,142,75,120,936,331.0,574.0,471.0,-140.0
435,Luis Torrens,NYM,620443.0,7.89,154.0,600,553,74,19,70,2,0.251,0.309,0.411,144,38,140,980,277.0,567.3333333333334,462.0,-185.0
436,Luis Urias,OAK,649966.0,4.97,248.0,600,520,67,16,65,7,0.227,0.328,0.376,137,62,118,976,281.5,567.0,461.0,-179.5
437,Luisangel Acuna,NYM,682668.0,11.04,176.0,600,562,75,17,71,32,0.238,0.286,0.367,122,34,132,1096,91.0,383.4502923976608,261.0,-170.0
438,MJ Melendez,KC,669004.0,8.63,471.0,600,540,67,20,70,9,0.229,0.302,0.406,157,53,123,1009,229.5,418.80116959064327,275.0,-45.5
439,Austin Slater,CWS,596103.0,5.07,227.0,600,523,60,13,58,9,0.234,0.33,0.352,166,66,121,929,342.5,513.0,345.0,-2.5
440,Austin Hedges,CLE,595978.0,,186.0,600,554,48,6,45,6,0.184,0.245,0.251,151,38,103,690,395.0,,,
441,Mark Canha,MIL,592192.0,2.55,235.0,600,515,56,12,53,6,0.234,0.34,0.351,120,61,120,912,361.0,559.0833333333334,449.0,-88.0
442,Masataka Yoshida,BOS,807799.0,8.73,388.0,600,547,74,15,78,4,0.281,0.341,0.432,83,38,153,1058,144.5,435.9766081871345,283.0,-138.5
443,Matt Mervis,MIA,670223.0,6.35,336.0,600,544,64,19,69,5,0.214,0.282,0.372,169,42,116,921,351.0,561.3513513513514,456.0,-105.0
444,Austin Hays,CIN,669720.0,9.93,445.0,600,551,72,21,76,5,0.248,0.306,0.427,141,37,136,1032,187.5,460.1485148514852,298.5,-111.0
448,Mauricio Dubon,HOU,643289.0,5.75,353.0,600,567,67,13,64,6,0.257,0.294,0.383,86,27,146,934,334.0,471.0833333333333,307.0,27.0
449,Max Kepler,PHI,596146.0,9.12,455.0,600,548,71,22,73,1,0.245,0.306,0.427,127,43,134,1013,220.0,406.2130177514793,272.0,-52.0
450,Michael A. Taylor,CWS,572191.0,8.42,178.0,600,552,64,20,64,18,0.213,0.275,0.369,198,43,117,960,305.5,597.0,476.0,-170.5
451,Michael Massey,KC,686681.0,7.89,474.0,600,558,70,17,75,4,0.247,0.297,0.405,113,31,137,993,256.5,364.85380116959067,248.0,8.5
452,Kyle Farmer,COL,571657.0,5.88,271.0,600,542,66,15,64,5,0.249,0.319,0.401,132,39,135,953,314.5,552.2608695652174,423.0,-108.5
453,Korey Lee,CWS,686676.0,3.9,209.0,600,565,60,17,54,9,0.199,0.243,0.326,177,31,111,831,392.0,512.9477611940298,344.0,48.0
454,Jeff McNeil,NYM,643446.0,6.3,486.0,600,541,70,11,67,7,0.256,0.327,0.378,80,43,138,975,283.5,407.34502923976606,273.0,10.5
455,Jose Iglesias,SD,578428.0,4.97,278.0,600,561,69,4,66,4,0.295,0.339,0.382,90,28,166,947,321.0,556.5833333333334,442.0,-121.0
456,Jerar Encarnacion,SF,666464.0,11.55,245.0,600,560,80,24,80,3,0.238,0.284,0.431,159,34,132,1047,159.0,503.3065693430657,334.0,-175.0
457,Jesse Winker,NYM,608385.0,7.83,407.0,600,511,66,16,66,12,0.241,0.352,0.382,129,78,123,1031,190.5,420.90058479532166,277.0,-86.5
458,Jhonkensy Noel,CLE,678877.0,10.63,351.0,600,543,73,29,75,1,0.222,0.292,0.443,169,41,121,1035,182.0,373.6374269005848,255.0,-73.0
459,Joey Gallo,CWS,608336.0,4.23,194.0,600,516,55,24,58,4,0.172,0.284,0.358,235,77,89,880,384.5,562.6666666666666,458.0,-73.5
460,Johan Rojas,PHI,679032.0,8.89,296.0,600,565,68,10,64,31,0.234,0.276,0.339,125,24,131,1004,238.0,551.8181818181819,420.0,-182.0
461,Jon Berti,CHC,542932.0,4.65,182.0,600,547,65,13,62,11,0.253,0.316,0.366,118,46,138,982,272.0,535.8,381.0,-109.0
462,Jonah Bride,MIA,681146.0,3.49,408.0,600,525,57,11,64,3,0.239,0.332,0.355,119,61,125,908,365.5,435.65294117647056,282.0,83.5
463,Jonny DeLuca,TB,676356.0,8.69,448.0,600,545,68,13,66,23,0.23,0.298,0.36,125,41,125,1012,222.5,369.5321637426901,252.0,-29.5
464,Jordan Beck,COL,687597.0,8.67,385.0,600,553,68,17,67,15,0.237,0.294,0.386,180,43,130,986,267.5,478.5864197530864,311.0,-43.5
465,Jordan Lawlar,ARI,691783.0,9.12,234.0,600,535,74,20,69,12,0.257,0.336,0.423,146,51,138,1095,94.0,332.35087719298247,227.0,-133.0
466,Brendan Rodgers,HOU,663898.0,7.32,254.0,600,550,73,16,70,3,0.243,0.302,0.388,134,42,134,961,303.0,494.9047619047619,324.0,-21.0
467,Kevin Newman,LAA,621028.0,5.68,220.0,600,559,68,8,60,15,0.259,0.306,0.357,92,35,144,948,320.0,560.3125,452.0,-132.0
468,Jorge Polanco,SEA,593871.0,7.35,475.0,600,534,68,22,66,5,0.224,0.306,0.398,164,59,120,969,294.5,440.11242603550295,285.0,9.5
469,Jose Miranda,MIN,669304.0,6.44,360.0,600,555,73,16,71,4,0.255,0.308,0.405,100,35,141,991,260.0,364.9824561403509,249.0,11.0
470,Brayan Rocchio,CLE,677587.0,4.11,517.0,600,535,64,11,56,13,0.216,0.3,0.332,131,55,114,900,371.0,440.96449704142015,286.0,85.0
471,Jose Siri,NYM,642350.0,12.57,387.0,600,551,72,29,74,20,0.213,0.274,0.422,213,38,117,1089,102.0,475.29651162790697,310.0,-208.0
472,Jose Tena,WSH,677588.0,6.4,334.0,600,537,59,19,66,17,0.26,0.334,0.419,150,55,140,1053,151.5,420.15294117647056,276.0,-124.5
473,Jose Trevino,CIN,624431.0,5.37,242.0,600,560,66,14,66,3,0.241,0.291,0.375,101,37,133,890,379.0,570.8,469.0,-90.0
474,Adam Duvall,,594807.0,,206.0,600,550,61,32,64,2,0.26,0.317,0.518,183,37,142,1084,110.5,,,
475,Josh Rojas,CWS,668942.0,4.39,374.0,600,543,64,14,57,14,0.244,0.314,0.376,137,54,133,972,287.5,533.5046728971963,378.0,-90.5
476,Josh Smith,TEX,669701.0,4.61,380.0,600,524,66,14,63,9,0.237,0.332,0.372,127,55,124,971,290.0,371.1111111111111,253.0,37.0
477,Juan Brito,CLE,682877.0,6.75,282.0,600,531,68,17,65,8,0.232,0.318,0.382,114,59,123,981,275.0,538.8988764044943,386.0,-111.0
478,Justin Turner,CHC,457759.0,6.15,337.0,600,528,67,16,67,2,0.255,0.342,0.399,112,58,135,986,267.5,507.5405405405405,336.5,-69.0
482,Ke'Bryan Hayes,PIT,663647.0,4.97,529.0,600,559,68,11,65,11,0.252,0.3,0.373,117,36,140,959,307.5,371.4093567251462,254.0,53.5
483,Josh Bell,WSH,605137.0,6.82,560.0,600,538,66,20,71,0,0.243,0.317,0.407,127,55,130,975,283.5,356.4561403508772,240.0,43.5
484,Hunter Goodman,COL,696100.0,9.27,307.0,600,560,72,27,74,3,0.22,0.268,0.428,166,29,123,994,253.5,320.80116959064327,218.0,35.5
485,Jonah Heim,TEX,641680.0,5.4,366.0,600,555,62,18,63,3,0.245,0.298,0.401,114,39,136,931,340.5,293.65497076023394,203.0,137.5
486,Joey Bart,PIT,663698.0,5.35,368.0,600,541,63,16,68,2,0.23,0.303,0.372,176,45,123,915,359.5,263.8830409356725,180.0,179.5
